-- phpMyAdmin SQL Dump
-- version 5.2.1
-- https://www.phpmyadmin.net/
--
-- Host: 127.0.0.1
-- Generation Time: May 08, 2024 at 05:09 PM
-- Server version: 10.4.32-MariaDB
-- PHP Version: 8.2.12

SET SQL_MODE = "NO_AUTO_VALUE_ON_ZERO";
START TRANSACTION;
SET time_zone = "+00:00";


/*!40101 SET @OLD_CHARACTER_SET_CLIENT=@@CHARACTER_SET_CLIENT */;
/*!40101 SET @OLD_CHARACTER_SET_RESULTS=@@CHARACTER_SET_RESULTS */;
/*!40101 SET @OLD_COLLATION_CONNECTION=@@COLLATION_CONNECTION */;
/*!40101 SET NAMES utf8mb4 */;

--
-- Database: `dbcabilif1`
--

-- --------------------------------------------------------

--
-- Table structure for table `tblactivityrecord`
--

CREATE TABLE `tblactivityrecord` (
  `activityID` bigint(20) NOT NULL,
  `activityName` varchar(32) NOT NULL,
  `activityDescription` varchar(300) NOT NULL,
  `dueDate` date NOT NULL,
  `fk_courseID` bigint(20) NOT NULL COMMENT 'This refers to courseID',
  `fk_teacherID` bigint(20) NOT NULL
) ENGINE=InnoDB DEFAULT CHARSET=utf8mb4 COLLATE=utf8mb4_general_ci;

-- --------------------------------------------------------

--
-- Table structure for table `tblcourse`
--

CREATE TABLE `tblcourse` (
  `courseID` bigint(20) NOT NULL,
  `courseName` varchar(100) NOT NULL COMMENT 'For Course Name',
  `courseDescription` varchar(250) NOT NULL COMMENT 'This is for Course Description'
) ENGINE=InnoDB DEFAULT CHARSET=utf8mb4 COLLATE=utf8mb4_general_ci;

--
-- Dumping data for table `tblcourse`
--

INSERT INTO `tblcourse` (`courseID`, `courseName`, `courseDescription`) VALUES
(1, 'Keylex', 'Displaced fracture of unspecified radial styloid process, subsequent encounter for closed fracture with delayed healing'),
(2, 'Redhold', 'Nicotine dependence, unspecified'),
(3, 'Span', 'Other contact with mouse, sequela'),
(4, 'Stronghold', 'Toxic effect of lacrimogenic gas, intentional self-harm'),
(5, 'Trippledex', 'Strain of other muscle(s) and tendon(s) at lower leg level, left leg, sequela'),
(6, 'Voyatouch', 'Tinnitus'),
(7, 'Fix San', 'Military operations involving unspecified destruction of aircraft, military personnel, initial encounter'),
(8, 'Zathin', 'Underdosing of thrombolytic drugs, initial encounter'),
(9, 'Namfix', 'Other fracture of unspecified patella, subsequent encounter for open fracture type IIIA, IIIB, or IIIC with nonunion'),
(10, 'Greenlam', 'Glycogen storage disease, unspecified'),
(11, 'Konklux', 'Other cervical disc disorders at C5-C6 level'),
(12, 'Lotlux', 'Nondisplaced segmental fracture of shaft of radius, right arm, subsequent encounter for open fracture type IIIA, IIIB, or IIIC with routine healing'),
(13, 'Voltsillam', 'Unspecified fracture of first lumbar vertebra'),
(14, 'Zontrax', 'Drug or chemical induced diabetes mellitus with severe nonproliferative diabetic retinopathy without macular edema, unspecified eye'),
(15, 'Prodder', 'Other stimulant use, unspecified with stimulant-induced psychotic disorder with delusions'),
(16, 'Job', 'Pathological fracture in other disease, humerus'),
(17, 'Zamit', 'Other specified injuries of ankle and foot'),
(18, 'Stringtough', 'Displaced simple supracondylar fracture without intercondylar fracture of right humerus, initial encounter for open fracture'),
(19, 'Trippledex', 'Salter-Harris Type I physeal fracture of lower end of unspecified femur, subsequent encounter for fracture with delayed healing'),
(20, 'Trippledex', 'Decreased fetal movements, third trimester, fetus 5'),
(21, 'Sonair', 'Other physeal fracture of lower end of humerus, unspecified arm, initial encounter for closed fracture'),
(22, 'Viva', 'Nondisplaced fracture of lateral condyle of right tibia'),
(23, 'Daltfresh', 'Laceration with foreign body, right knee, sequela'),
(24, 'Flexidy', 'Toxic effect of venom of brown recluse spider, intentional self-harm, sequela'),
(25, 'Keylex', 'Struck by basketball'),
(26, 'Fintone', 'Poisoning by local anesthetics, accidental (unintentional), initial encounter'),
(27, 'Opela', 'Displaced fracture of glenoid cavity of scapula, right shoulder, subsequent encounter for fracture with routine healing'),
(28, 'Sonair', 'Other injury of superior mesenteric artery, subsequent encounter'),
(29, 'Flexidy', 'Anterior subluxation of right humerus, subsequent encounter'),
(30, 'Mat Lam Tam', 'Contusion of left lesser toe(s) with damage to nail, sequela'),
(31, 'Solarbreeze', 'Other specified injury of innominate or subclavian vein'),
(32, 'Flowdesk', 'Nondisplaced fracture of shaft of first metacarpal bone, right hand'),
(33, 'Bytecard', 'Continuing pregnancy after elective fetal reduction of one fetus or more, second trimester, not applicable or unspecified'),
(34, 'Voltsillam', 'Corrosions of other specified parts of left eye and adnexa, subsequent encounter'),
(35, 'Lotstring', 'Displaced spiral fracture of shaft of radius, unspecified arm, sequela'),
(36, 'Home Ing', 'Benign neoplasm of ill-defined sites within the digestive system'),
(37, 'Cardguard', 'Unspecified occupant of heavy transport vehicle injured in collision with pedal cycle in nontraffic accident, subsequent encounter'),
(38, 'Solarbreeze', 'Maternal care for viable fetus in abdominal pregnancy, third trimester, fetus 5'),
(39, 'Flexidy', 'Hypertrophy of bone, unspecified ulna and radius'),
(40, 'Solarbreeze', 'Other specified injuries of unspecified elbow, sequela'),
(41, 'Zontrax', 'Other reactive arthropathies, knee'),
(42, 'It', 'Animal-rider injured in collision with railway train or railway vehicle, initial encounter'),
(43, 'Cookley', 'Encounter for fitting and adjustment of other gastrointestinal appliance and device'),
(44, 'Mat Lam Tam', 'Sprain of chondrosternal joint'),
(45, 'Stim', 'Underdosing of otorhinolaryngological drugs and preparations'),
(46, 'Overhold', 'Toxic effect of venom of wasps, intentional self-harm, sequela'),
(47, 'Bitwolf', 'Breakdown (mechanical) of internal fixation device of left humerus, sequela'),
(48, 'Opela', 'Corrosion of second degree of multiple sites of left wrist and hand'),
(49, 'Flexidy', 'Laceration without foreign body of right eyelid and periocular area, initial encounter'),
(50, 'Tres-Zap', 'Passenger in heavy transport vehicle injured in collision with other motor vehicles in nontraffic accident, initial encounter'),
(51, 'Tresom', 'Unspecified dislocation of unspecified shoulder joint, sequela'),
(52, 'Fixflex', 'Eccrine sweat disorder, unspecified'),
(53, 'Latlux', 'Underdosing of iminostilbenes, sequela'),
(54, 'Andalax', 'Nondisplaced fracture of distal phalanx of left lesser toe(s)'),
(55, 'Rank', 'Other fracture of left lesser toe(s), initial encounter for open fracture'),
(56, 'Tempsoft', 'Stress fracture, right hand, subsequent encounter for fracture with nonunion'),
(57, 'Lotlux', 'Laceration with foreign body of left ear, subsequent encounter'),
(58, 'Gembucket', 'Other calcification of muscle, unspecified thigh'),
(59, 'Gembucket', 'Laceration of unspecified muscle and tendon at ankle and foot level'),
(60, 'Aerified', 'Displaced fracture of olecranon process with intraarticular extension of left ulna, subsequent encounter for closed fracture with routine healing'),
(61, 'Zamit', 'Car passenger injured in collision with sport utility vehicle in traffic accident'),
(62, 'Stim', 'Nondisplaced fracture of medial condyle of left tibia, subsequent encounter for closed fracture with routine healing'),
(63, 'Biodex', 'Mycetoma'),
(64, 'Solarbreeze', 'Syphilis of other musculoskeletal tissue'),
(65, 'Job', 'Person on outside of car injured in collision with pick-up truck in traffic accident, sequela'),
(66, 'Gembucket', 'Postpartum thyroiditis'),
(67, 'Andalax', 'Compression of brain'),
(68, 'Cookley', 'Corrosion of second degree of unspecified axilla, subsequent encounter'),
(69, 'Otcom', 'Nondisplaced spiral fracture of shaft of left fibula, subsequent encounter for open fracture type IIIA, IIIB, or IIIC with delayed healing'),
(70, 'Zaam-Dox', 'Other injury of intrinsic muscle, fascia and tendon of right little finger at wrist and hand level, subsequent encounter'),
(71, 'Duobam', 'Osteopathy after poliomyelitis'),
(72, 'Zamit', 'Toxic effect of other specified inorganic substances, undetermined, subsequent encounter'),
(73, 'Sub-Ex', 'Complete traumatic metacarpophalangeal amputation of thumb'),
(74, 'Konklab', 'Poisoning by anticoagulant antagonists, vitamin K and other coagulants, assault, subsequent encounter'),
(75, 'Job', 'Immunization not carried out and underimmunization status'),
(76, 'Zontrax', 'Laceration of vein at forearm level, left arm, initial encounter'),
(77, 'Zamit', 'Displaced spiral fracture of shaft of right femur, subsequent encounter for open fracture type I or II with delayed healing'),
(78, 'Zaam-Dox', 'Non-pressure chronic ulcer of buttock with unspecified severity'),
(79, 'Job', 'Other zygomycoses'),
(80, 'Regrant', 'Fracture of unspecified part of body of mandible, unspecified side, subsequent encounter for fracture with nonunion'),
(81, 'Zaam-Dox', 'Displaced fracture of lateral end of right clavicle, subsequent encounter for fracture with routine healing'),
(82, 'Stronghold', 'Underdosing of unspecified drugs primarily affecting the autonomic nervous system, initial encounter'),
(83, 'Tampflex', 'Other mechanical complication of graft of urinary organ'),
(84, 'Konklab', 'Disorders of lipoprotein metabolism and other lipidemias'),
(85, 'It', 'Injury of radial nerve at forearm level, unspecified arm, sequela'),
(86, 'Fix San', 'Drug or chemical induced diabetes mellitus with proliferative diabetic retinopathy with traction retinal detachment not involving the macula, unspecified eye'),
(87, 'Wrapsafe', 'Secondary pigmentary degeneration, left eye'),
(88, 'Tresom', 'Unspecified superficial injury of right little finger, sequela'),
(89, 'Redhold', 'Other symptomatic neurosyphilis'),
(90, 'Alphazap', 'Adverse effect of unspecified agents primarily affecting the cardiovascular system, sequela'),
(91, 'Rank', 'Superficial frostbite of other part of head'),
(92, 'Stronghold', 'Nondisplaced fracture of shaft of other metacarpal bone'),
(93, 'Tampflex', 'Adverse effect of propionic acid derivatives, subsequent encounter'),
(94, 'Andalax', 'Corrosion of third degree of multiple sites of right shoulder and upper limb, except wrist and hand, subsequent encounter'),
(95, 'Trippledex', 'Legal intervention involving unspecified sharp objects, law enforcement official injured, initial encounter'),
(96, 'Stronghold', 'Poisoning by antineoplastic and immunosuppressive drugs, undetermined, subsequent encounter'),
(97, 'Wrapsafe', 'Toxic effect of petroleum products, intentional self-harm, initial encounter'),
(98, 'Holdlamis', 'Peripheral opacity of cornea, bilateral'),
(99, 'Cardify', 'Other accident with babystroller, sequela'),
(100, 'Konklab', 'Nondisplaced fracture of base of fourth metacarpal bone, left hand, subsequent encounter for fracture with routine healing'),
(101, 'CSIT228', 'Object Oriented Programming 2'),
(103, 'CSIT226', 'Information Management 1');

-- --------------------------------------------------------

--
-- Table structure for table `tblcoursestudent`
--

CREATE TABLE `tblcoursestudent` (
  `courseStudentID` bigint(20) NOT NULL,
  `courseID` bigint(20) NOT NULL,
  `studentID` bigint(20) NOT NULL
) ENGINE=InnoDB DEFAULT CHARSET=utf8mb4 COLLATE=utf8mb4_general_ci;

--
-- Dumping data for table `tblcoursestudent`
--

INSERT INTO `tblcoursestudent` (`courseStudentID`, `courseID`, `studentID`) VALUES
(15, 1, 9),
(16, 1, 72),
(17, 1, 10),
(18, 1, 73),
(19, 1, 11),
(20, 1, 74),
(21, 1, 12),
(22, 1, 75),
(23, 1, 13),
(24, 1, 76),
(25, 1, 14),
(26, 1, 77),
(27, 1, 15),
(28, 1, 78),
(29, 1, 16),
(30, 1, 79),
(31, 1, 17),
(32, 1, 80),
(33, 1, 18),
(34, 1, 81),
(35, 1, 19),
(36, 1, 82),
(37, 1, 20),
(38, 1, 83),
(39, 1, 21),
(40, 1, 84),
(41, 1, 22),
(42, 1, 85),
(43, 1, 23),
(44, 1, 86),
(45, 1, 24),
(46, 1, 87),
(47, 1, 25),
(48, 1, 88),
(49, 1, 26),
(50, 1, 89),
(51, 1, 27),
(52, 1, 90),
(53, 1, 28),
(54, 1, 91),
(55, 1, 29),
(56, 1, 92),
(57, 1, 30),
(58, 1, 93),
(59, 1, 31),
(60, 1, 94),
(61, 1, 32),
(62, 1, 95),
(63, 1, 33),
(64, 1, 96),
(65, 1, 34),
(66, 1, 97),
(67, 1, 35),
(68, 1, 98),
(69, 1, 36),
(70, 1, 99),
(71, 1, 37),
(72, 1, 100),
(73, 1, 38),
(74, 1, 101),
(75, 1, 39),
(76, 1, 102),
(77, 1, 40),
(78, 1, 103),
(79, 1, 41),
(80, 1, 104),
(81, 1, 42),
(82, 1, 105),
(83, 1, 43),
(84, 1, 106),
(85, 1, 44),
(86, 1, 107),
(87, 1, 45),
(88, 1, 108),
(89, 1, 46),
(90, 1, 109),
(91, 1, 47),
(92, 1, 110),
(93, 1, 48),
(94, 1, 111),
(95, 1, 49),
(96, 1, 112),
(97, 1, 50),
(98, 1, 113),
(99, 1, 51),
(100, 1, 114),
(101, 1, 52),
(102, 1, 115),
(103, 2, 9),
(104, 2, 72),
(105, 2, 10),
(106, 2, 73),
(107, 2, 11),
(108, 2, 74),
(109, 2, 12),
(110, 2, 75),
(111, 2, 13),
(112, 2, 76),
(113, 2, 14),
(114, 2, 77),
(115, 2, 15),
(116, 2, 78),
(117, 2, 16),
(118, 2, 79),
(119, 2, 17),
(120, 2, 80),
(121, 2, 18),
(122, 2, 81),
(123, 2, 19),
(124, 2, 82),
(125, 2, 20),
(126, 2, 83),
(127, 2, 21),
(128, 2, 84),
(129, 2, 22),
(130, 2, 85),
(131, 2, 23),
(132, 2, 86),
(133, 2, 24),
(134, 2, 87),
(135, 2, 25),
(136, 2, 88),
(137, 2, 26),
(138, 2, 89),
(139, 2, 27),
(140, 2, 90),
(141, 2, 28),
(142, 2, 91),
(143, 2, 29),
(144, 2, 92),
(145, 2, 30),
(146, 2, 93),
(147, 2, 31),
(148, 2, 94),
(149, 2, 32),
(150, 2, 95),
(151, 2, 33),
(152, 2, 96),
(153, 2, 34),
(154, 2, 97),
(155, 2, 35),
(156, 2, 98),
(157, 2, 36),
(158, 2, 99),
(159, 2, 37),
(160, 2, 100),
(161, 2, 38),
(162, 2, 101),
(163, 2, 39),
(164, 2, 102),
(165, 2, 40),
(166, 2, 103),
(167, 2, 41),
(168, 2, 104),
(169, 2, 42),
(170, 2, 105),
(171, 2, 43),
(172, 2, 106),
(173, 2, 44),
(174, 2, 107),
(175, 2, 45),
(176, 2, 108),
(177, 2, 46),
(178, 2, 109),
(179, 2, 47),
(180, 2, 110),
(181, 2, 48),
(182, 2, 111),
(183, 2, 49),
(184, 2, 112),
(185, 2, 50),
(186, 2, 113),
(187, 2, 51),
(188, 2, 114),
(189, 2, 52),
(190, 2, 115),
(191, 3, 9),
(192, 3, 72),
(193, 3, 10),
(194, 3, 73),
(195, 3, 11),
(196, 3, 74),
(197, 3, 12),
(198, 3, 75),
(199, 3, 13),
(200, 3, 76),
(201, 3, 14),
(202, 3, 77),
(203, 3, 15),
(204, 3, 78),
(205, 3, 16),
(206, 3, 79),
(207, 3, 17),
(208, 3, 80),
(209, 3, 18),
(210, 3, 81),
(211, 3, 19),
(212, 3, 82),
(213, 3, 20),
(214, 3, 83),
(215, 3, 21),
(216, 3, 84),
(217, 3, 22),
(218, 3, 85),
(219, 3, 23),
(220, 3, 86),
(221, 3, 24),
(222, 3, 87),
(223, 3, 25),
(224, 3, 88),
(225, 3, 26),
(226, 3, 89),
(227, 3, 27),
(228, 3, 90),
(229, 3, 28),
(230, 3, 91),
(231, 3, 29),
(232, 3, 92),
(233, 3, 30),
(234, 3, 93),
(235, 3, 31),
(236, 3, 94),
(237, 3, 32),
(238, 3, 95),
(239, 3, 33),
(240, 3, 96),
(241, 3, 34),
(242, 3, 97),
(243, 3, 35),
(244, 3, 98),
(245, 3, 36),
(246, 3, 99),
(247, 3, 37),
(248, 3, 100),
(249, 3, 38),
(250, 3, 101),
(251, 3, 39),
(252, 3, 102),
(253, 3, 40),
(254, 3, 103),
(255, 3, 41),
(256, 3, 104),
(257, 3, 42),
(258, 3, 105),
(259, 3, 43),
(260, 3, 106),
(261, 3, 44),
(262, 3, 107),
(263, 3, 45),
(264, 3, 108),
(265, 3, 46),
(266, 3, 109),
(267, 3, 47),
(268, 3, 110),
(269, 3, 48),
(270, 3, 111),
(271, 3, 49),
(272, 3, 112),
(273, 3, 50),
(274, 3, 113),
(275, 3, 51),
(276, 3, 114),
(277, 3, 52),
(278, 3, 115),
(279, 4, 9),
(280, 4, 72),
(281, 4, 10),
(282, 4, 73),
(283, 4, 11),
(284, 4, 74),
(285, 4, 12),
(286, 4, 75),
(287, 4, 13),
(288, 4, 76),
(289, 4, 14),
(290, 4, 77),
(291, 4, 15),
(292, 4, 78),
(293, 4, 16),
(294, 4, 79),
(295, 4, 17),
(296, 4, 80),
(297, 4, 18),
(298, 4, 81),
(299, 4, 19),
(300, 4, 82),
(301, 4, 20),
(302, 4, 83),
(303, 4, 21),
(304, 4, 84),
(305, 4, 22),
(306, 4, 85),
(307, 4, 23),
(308, 4, 86),
(309, 4, 24),
(310, 4, 87),
(311, 4, 25),
(312, 4, 88),
(313, 4, 26),
(314, 4, 89),
(315, 4, 27),
(316, 4, 90),
(317, 4, 28),
(318, 4, 91),
(319, 4, 29),
(320, 4, 92),
(321, 4, 30),
(322, 4, 93),
(323, 4, 31),
(324, 4, 94),
(325, 4, 32),
(326, 4, 95),
(327, 4, 33),
(328, 4, 96),
(329, 4, 34),
(330, 4, 97),
(331, 4, 35),
(332, 4, 98),
(333, 4, 36),
(334, 4, 99),
(335, 4, 37),
(336, 4, 100),
(337, 4, 38),
(338, 4, 101),
(339, 4, 39),
(340, 4, 102),
(341, 4, 40),
(342, 4, 103),
(343, 4, 41),
(344, 4, 104),
(345, 4, 42),
(346, 4, 105),
(347, 4, 43),
(348, 4, 106),
(349, 4, 44),
(350, 4, 107),
(351, 4, 45),
(352, 4, 108),
(353, 4, 46),
(354, 4, 109),
(355, 4, 47),
(356, 4, 110),
(357, 4, 48),
(358, 4, 111),
(359, 4, 49),
(360, 4, 112),
(361, 4, 50),
(362, 4, 113),
(363, 4, 51),
(364, 4, 114),
(365, 4, 52),
(366, 4, 115),
(367, 5, 9),
(368, 5, 72),
(369, 5, 10),
(370, 5, 73),
(371, 5, 11),
(372, 5, 74),
(373, 5, 12),
(374, 5, 75),
(375, 5, 13),
(376, 5, 76),
(377, 5, 14),
(378, 5, 77),
(379, 5, 15),
(380, 5, 78),
(381, 5, 16),
(382, 5, 79),
(383, 5, 17),
(384, 5, 80),
(385, 5, 18),
(386, 5, 81),
(387, 5, 19),
(388, 5, 82),
(389, 5, 20),
(390, 5, 83),
(391, 5, 21),
(392, 5, 84),
(393, 5, 22),
(394, 5, 85),
(395, 5, 23),
(396, 5, 86),
(397, 5, 24),
(398, 5, 87),
(399, 5, 25),
(400, 5, 88),
(401, 5, 26),
(402, 5, 89),
(403, 5, 27),
(404, 5, 90),
(405, 5, 28),
(406, 5, 91),
(407, 5, 29),
(408, 5, 92),
(409, 5, 30),
(410, 5, 93),
(411, 5, 31),
(412, 5, 94),
(413, 5, 32),
(414, 5, 95),
(415, 5, 33),
(416, 5, 96),
(417, 5, 34),
(418, 5, 97),
(419, 5, 35),
(420, 5, 98),
(421, 5, 36),
(422, 5, 99),
(423, 5, 37),
(424, 5, 100),
(425, 5, 38),
(426, 5, 101),
(427, 5, 39),
(428, 5, 102),
(429, 5, 40),
(430, 5, 103),
(431, 5, 41),
(432, 5, 104),
(433, 5, 42),
(434, 5, 105),
(435, 5, 43),
(436, 5, 106),
(437, 5, 44),
(438, 5, 107),
(439, 5, 45),
(440, 5, 108),
(441, 5, 46),
(442, 5, 109),
(443, 5, 47),
(444, 5, 110),
(445, 5, 48),
(446, 5, 111),
(447, 5, 49),
(448, 5, 112),
(449, 5, 50),
(450, 5, 113),
(451, 5, 51),
(452, 5, 114),
(453, 5, 52),
(454, 5, 115),
(455, 6, 9),
(456, 6, 72),
(457, 6, 10),
(458, 6, 73),
(459, 6, 11),
(460, 6, 74),
(461, 6, 12),
(462, 6, 75),
(463, 6, 13),
(464, 6, 76),
(465, 6, 14),
(466, 6, 77),
(467, 6, 15),
(468, 6, 78),
(469, 6, 16),
(470, 6, 79),
(471, 6, 17),
(472, 6, 80),
(473, 6, 18),
(474, 6, 81),
(475, 6, 19),
(476, 6, 82),
(477, 6, 20),
(478, 6, 83),
(479, 6, 21),
(480, 6, 84),
(481, 6, 22),
(482, 6, 85),
(483, 6, 23),
(484, 6, 86),
(485, 6, 24),
(486, 6, 87),
(487, 6, 25),
(488, 6, 88),
(489, 6, 26),
(490, 6, 89),
(491, 6, 27),
(492, 6, 90),
(493, 6, 28),
(494, 6, 91),
(495, 6, 29),
(496, 6, 92),
(497, 6, 30),
(498, 6, 93),
(499, 6, 31),
(500, 6, 94),
(501, 6, 32),
(502, 6, 95),
(503, 6, 33),
(504, 6, 96),
(505, 6, 34),
(506, 6, 97),
(507, 6, 35),
(508, 6, 98),
(509, 6, 36),
(510, 6, 99),
(511, 6, 37),
(512, 6, 100),
(513, 6, 38),
(514, 6, 101),
(515, 6, 39),
(516, 6, 102),
(517, 6, 40),
(518, 6, 103),
(519, 6, 41),
(520, 6, 104),
(521, 6, 42),
(522, 6, 105),
(523, 6, 43),
(524, 6, 106),
(525, 6, 44),
(526, 6, 107),
(527, 6, 45),
(528, 6, 108),
(529, 6, 46),
(530, 6, 109),
(531, 6, 47),
(532, 6, 110),
(533, 6, 48),
(534, 6, 111),
(535, 6, 49),
(536, 6, 112),
(537, 6, 50),
(538, 6, 113),
(539, 6, 51),
(540, 6, 114),
(541, 6, 52),
(542, 6, 115),
(543, 7, 9),
(544, 7, 72),
(545, 7, 10),
(546, 7, 73),
(547, 7, 11),
(548, 7, 74),
(549, 7, 12),
(550, 7, 75),
(551, 7, 13),
(552, 7, 76),
(553, 7, 14),
(554, 7, 77),
(555, 7, 15),
(556, 7, 78),
(557, 7, 16),
(558, 7, 79),
(559, 7, 17),
(560, 7, 80),
(561, 7, 18),
(562, 7, 81),
(563, 7, 19),
(564, 7, 82),
(565, 7, 20),
(566, 7, 83),
(567, 7, 21),
(568, 7, 84),
(569, 7, 22),
(570, 7, 85),
(571, 7, 23),
(572, 7, 86),
(573, 7, 24),
(574, 7, 87),
(575, 7, 25),
(576, 7, 88),
(577, 7, 26),
(578, 7, 89),
(579, 7, 27),
(580, 7, 90),
(581, 7, 28),
(582, 7, 91),
(583, 7, 29),
(584, 7, 92),
(585, 7, 30),
(586, 7, 93),
(587, 7, 31),
(588, 7, 94),
(589, 7, 32),
(590, 7, 95),
(591, 7, 33),
(592, 7, 96),
(593, 7, 34),
(594, 7, 97),
(595, 7, 35),
(596, 7, 98),
(597, 7, 36),
(598, 7, 99),
(599, 7, 37),
(600, 7, 100),
(601, 7, 38),
(602, 7, 101),
(603, 7, 39),
(604, 7, 102),
(605, 7, 40),
(606, 7, 103),
(607, 7, 41),
(608, 7, 104),
(609, 7, 42),
(610, 7, 105),
(611, 7, 43),
(612, 7, 106),
(613, 7, 44),
(614, 7, 107),
(615, 7, 45),
(616, 7, 108),
(617, 7, 46),
(618, 7, 109),
(619, 7, 47),
(620, 7, 110),
(621, 7, 48),
(622, 7, 111),
(623, 7, 49),
(624, 7, 112),
(625, 7, 50),
(626, 7, 113),
(627, 7, 51),
(628, 7, 114),
(629, 7, 52),
(630, 7, 115),
(631, 8, 9),
(632, 8, 72),
(633, 8, 10),
(634, 8, 73),
(635, 8, 11),
(636, 8, 74),
(637, 8, 12),
(638, 8, 75),
(639, 8, 13),
(640, 8, 76),
(641, 8, 14),
(642, 8, 77),
(643, 8, 15),
(644, 8, 78),
(645, 8, 16),
(646, 8, 79),
(647, 8, 17),
(648, 8, 80),
(649, 8, 18),
(650, 8, 81),
(651, 8, 19),
(652, 8, 82),
(653, 8, 20),
(654, 8, 83),
(655, 8, 21),
(656, 8, 84),
(657, 8, 22),
(658, 8, 85),
(659, 8, 23),
(660, 8, 86),
(661, 8, 24),
(662, 8, 87),
(663, 8, 25),
(664, 8, 88),
(665, 8, 26),
(666, 8, 89),
(667, 8, 27),
(668, 8, 90),
(669, 8, 28),
(670, 8, 91),
(671, 8, 29),
(672, 8, 92),
(673, 8, 30),
(674, 8, 93),
(675, 8, 31),
(676, 8, 94),
(677, 8, 32),
(678, 8, 95),
(679, 8, 33),
(680, 8, 96),
(681, 8, 34),
(682, 8, 97),
(683, 8, 35),
(684, 8, 98),
(685, 8, 36),
(686, 8, 99),
(687, 8, 37),
(688, 8, 100),
(689, 8, 38),
(690, 8, 101),
(691, 8, 39),
(692, 8, 102),
(693, 8, 40),
(694, 8, 103),
(695, 8, 41),
(696, 8, 104),
(697, 8, 42),
(698, 8, 105),
(699, 8, 43),
(700, 8, 106),
(701, 8, 44),
(702, 8, 107),
(703, 8, 45),
(704, 8, 108),
(705, 8, 46),
(706, 8, 109),
(707, 8, 47),
(708, 8, 110),
(709, 8, 48),
(710, 8, 111),
(711, 8, 49),
(712, 8, 112),
(713, 8, 50),
(714, 8, 113),
(715, 8, 51),
(716, 8, 114),
(717, 8, 52),
(718, 8, 115),
(719, 9, 9),
(720, 9, 72),
(721, 9, 10),
(722, 9, 73),
(723, 9, 11),
(724, 9, 74),
(725, 9, 12),
(726, 9, 75),
(727, 9, 13),
(728, 9, 76),
(729, 9, 14),
(730, 9, 77),
(731, 9, 15),
(732, 9, 78),
(733, 9, 16),
(734, 9, 79),
(735, 9, 17),
(736, 9, 80),
(737, 9, 18),
(738, 9, 81),
(739, 9, 19),
(740, 9, 82),
(741, 9, 20),
(742, 9, 83),
(743, 9, 21),
(744, 9, 84),
(745, 9, 22),
(746, 9, 85),
(747, 9, 23),
(748, 9, 86),
(749, 9, 24),
(750, 9, 87),
(751, 9, 25),
(752, 9, 88),
(753, 9, 26),
(754, 9, 89),
(755, 9, 27),
(756, 9, 90),
(757, 9, 28),
(758, 9, 91),
(759, 9, 29),
(760, 9, 92),
(761, 9, 30),
(762, 9, 93),
(763, 9, 31),
(764, 9, 94),
(765, 9, 32),
(766, 9, 95),
(767, 9, 33),
(768, 9, 96),
(769, 9, 34),
(770, 9, 97),
(771, 9, 35),
(772, 9, 98),
(773, 9, 36),
(774, 9, 99),
(775, 9, 37),
(776, 9, 100),
(777, 9, 38),
(778, 9, 101),
(779, 9, 39),
(780, 9, 102),
(781, 9, 40),
(782, 9, 103),
(783, 9, 41),
(784, 9, 104),
(785, 9, 42),
(786, 9, 105),
(787, 9, 43),
(788, 9, 106),
(789, 9, 44),
(790, 9, 107),
(791, 9, 45),
(792, 9, 108),
(793, 9, 46),
(794, 9, 109),
(795, 9, 47),
(796, 9, 110),
(797, 9, 48),
(798, 9, 111),
(799, 9, 49),
(800, 9, 112),
(801, 9, 50),
(802, 9, 113),
(803, 9, 51),
(804, 9, 114),
(805, 9, 52),
(806, 9, 115),
(807, 10, 9),
(808, 10, 72),
(809, 10, 10),
(810, 10, 73),
(811, 10, 11),
(812, 10, 74),
(813, 10, 12),
(814, 10, 75),
(815, 10, 13),
(816, 10, 76),
(817, 10, 14),
(818, 10, 77),
(819, 10, 15),
(820, 10, 78),
(821, 10, 16),
(822, 10, 79),
(823, 10, 17),
(824, 10, 80),
(825, 10, 18),
(826, 10, 81),
(827, 10, 19),
(828, 10, 82),
(829, 10, 20),
(830, 10, 83),
(831, 10, 21),
(832, 10, 84),
(833, 10, 22),
(834, 10, 85),
(835, 10, 23),
(836, 10, 86),
(837, 10, 24),
(838, 10, 87),
(839, 10, 25),
(840, 10, 88),
(841, 10, 26),
(842, 10, 89),
(843, 10, 27),
(844, 10, 90),
(845, 10, 28),
(846, 10, 91),
(847, 10, 29),
(848, 10, 92),
(849, 10, 30),
(850, 10, 93),
(851, 10, 31),
(852, 10, 94),
(853, 10, 32),
(854, 10, 95),
(855, 10, 33),
(856, 10, 96),
(857, 10, 34),
(858, 10, 97),
(859, 10, 35),
(860, 10, 98),
(861, 10, 36),
(862, 10, 99),
(863, 10, 37),
(864, 10, 100),
(865, 10, 38),
(866, 10, 101),
(867, 10, 39),
(868, 10, 102),
(869, 10, 40),
(870, 10, 103),
(871, 10, 41),
(872, 10, 104),
(873, 10, 42),
(874, 10, 105),
(875, 10, 43),
(876, 10, 106),
(877, 10, 44),
(878, 10, 107),
(879, 10, 45),
(880, 10, 108),
(881, 10, 46),
(882, 10, 109),
(883, 10, 47),
(884, 10, 110),
(885, 10, 48),
(886, 10, 111),
(887, 10, 49),
(888, 10, 112),
(889, 10, 50),
(890, 10, 113),
(891, 10, 51),
(892, 10, 114),
(893, 10, 52),
(894, 10, 115),
(895, 11, 9),
(896, 11, 72),
(897, 11, 10),
(898, 11, 73),
(899, 11, 11),
(900, 11, 74),
(901, 11, 12),
(902, 11, 75),
(903, 11, 13),
(904, 11, 76),
(905, 11, 14),
(906, 11, 77),
(907, 11, 15),
(908, 11, 78),
(909, 11, 16),
(910, 11, 79),
(911, 11, 17),
(912, 11, 80),
(913, 11, 18),
(914, 11, 81),
(915, 11, 19),
(916, 11, 82),
(917, 11, 20),
(918, 11, 83),
(919, 11, 21),
(920, 11, 84),
(921, 11, 22),
(922, 11, 85),
(923, 11, 23),
(924, 11, 86),
(925, 11, 24),
(926, 11, 87),
(927, 11, 25),
(928, 11, 88),
(929, 11, 26),
(930, 11, 89),
(931, 11, 27),
(932, 11, 90),
(933, 11, 28),
(934, 11, 91),
(935, 11, 29),
(936, 11, 92),
(937, 11, 30),
(938, 11, 93),
(939, 11, 31),
(940, 11, 94),
(941, 11, 32),
(942, 11, 95),
(943, 11, 33),
(944, 11, 96),
(945, 11, 34),
(946, 11, 97),
(947, 11, 35),
(948, 11, 98),
(949, 11, 36),
(950, 11, 99),
(951, 11, 37),
(952, 11, 100),
(953, 11, 38),
(954, 11, 101),
(955, 11, 39),
(956, 11, 102),
(957, 11, 40),
(958, 11, 103),
(959, 11, 41),
(960, 11, 104),
(961, 11, 42),
(962, 11, 105),
(963, 11, 43),
(964, 11, 106),
(965, 11, 44),
(966, 11, 107),
(967, 11, 45),
(968, 11, 108),
(969, 11, 46),
(970, 11, 109),
(971, 11, 47),
(972, 11, 110),
(973, 11, 48),
(974, 11, 111),
(975, 11, 49),
(976, 11, 112),
(977, 11, 50),
(978, 11, 113),
(979, 11, 51),
(980, 11, 114),
(981, 11, 52),
(982, 11, 115),
(983, 12, 9),
(984, 12, 72),
(985, 12, 10),
(986, 12, 73),
(987, 12, 11),
(988, 12, 74),
(989, 12, 12),
(990, 12, 75),
(991, 12, 13),
(992, 12, 76),
(993, 12, 14),
(994, 12, 77),
(995, 12, 15),
(996, 12, 78),
(997, 12, 16),
(998, 12, 79),
(999, 12, 17),
(1000, 12, 80),
(1001, 12, 18),
(1002, 12, 81),
(1003, 12, 19),
(1004, 12, 82),
(1005, 12, 20),
(1006, 12, 83),
(1007, 12, 21),
(1008, 12, 84),
(1009, 12, 22),
(1010, 12, 85),
(1011, 12, 23),
(1012, 12, 86),
(1013, 12, 24),
(1014, 12, 87),
(1015, 12, 25),
(1016, 12, 88),
(1017, 12, 26),
(1018, 12, 89),
(1019, 12, 27),
(1020, 12, 90),
(1021, 12, 28),
(1022, 12, 91),
(1023, 12, 29),
(1024, 12, 92),
(1025, 12, 30),
(1026, 12, 93),
(1027, 12, 31),
(1028, 12, 94),
(1029, 12, 32),
(1030, 12, 95),
(1031, 12, 33),
(1032, 12, 96),
(1033, 12, 34),
(1034, 12, 97),
(1035, 12, 35),
(1036, 12, 98),
(1037, 12, 36),
(1038, 12, 99),
(1039, 12, 37),
(1040, 12, 100),
(1041, 12, 38),
(1042, 12, 101),
(1043, 12, 39),
(1044, 12, 102),
(1045, 12, 40),
(1046, 12, 103),
(1047, 12, 41),
(1048, 12, 104),
(1049, 12, 42),
(1050, 12, 105),
(1051, 12, 43),
(1052, 12, 106),
(1053, 12, 44),
(1054, 12, 107),
(1055, 12, 45),
(1056, 12, 108),
(1057, 12, 46),
(1058, 12, 109),
(1059, 12, 47),
(1060, 12, 110),
(1061, 12, 48),
(1062, 12, 111),
(1063, 12, 49),
(1064, 12, 112),
(1065, 12, 50),
(1066, 12, 113),
(1067, 12, 51),
(1068, 12, 114),
(1069, 12, 52),
(1070, 12, 115),
(1071, 13, 9),
(1072, 13, 72),
(1073, 13, 10),
(1074, 13, 73),
(1075, 13, 11),
(1076, 13, 74),
(1077, 13, 12),
(1078, 13, 75),
(1079, 13, 13),
(1080, 13, 76),
(1081, 13, 14),
(1082, 13, 77),
(1083, 13, 15),
(1084, 13, 78),
(1085, 13, 16),
(1086, 13, 79),
(1087, 13, 17),
(1088, 13, 80),
(1089, 13, 18),
(1090, 13, 81),
(1091, 13, 19),
(1092, 13, 82),
(1093, 13, 20),
(1094, 13, 83),
(1095, 13, 21),
(1096, 13, 84),
(1097, 13, 22),
(1098, 13, 85),
(1099, 13, 23),
(1100, 13, 86),
(1101, 13, 24),
(1102, 13, 87),
(1103, 13, 25),
(1104, 13, 88),
(1105, 13, 26),
(1106, 13, 89),
(1107, 13, 27),
(1108, 13, 90),
(1109, 13, 28),
(1110, 13, 91),
(1111, 13, 29),
(1112, 13, 92),
(1113, 13, 30),
(1114, 13, 93),
(1115, 13, 31),
(1116, 13, 94),
(1117, 13, 32),
(1118, 13, 95),
(1119, 13, 33),
(1120, 13, 96),
(1121, 13, 34),
(1122, 13, 97),
(1123, 13, 35),
(1124, 13, 98),
(1125, 13, 36),
(1126, 13, 99),
(1127, 13, 37),
(1128, 13, 100),
(1129, 13, 38),
(1130, 13, 101),
(1131, 13, 39),
(1132, 13, 102),
(1133, 13, 40),
(1134, 13, 103),
(1135, 13, 41),
(1136, 13, 104),
(1137, 13, 42),
(1138, 13, 105),
(1139, 13, 43),
(1140, 13, 106),
(1141, 13, 44),
(1142, 13, 107),
(1143, 13, 45),
(1144, 13, 108),
(1145, 13, 46),
(1146, 13, 109),
(1147, 13, 47),
(1148, 13, 110),
(1149, 13, 48),
(1150, 13, 111),
(1151, 13, 49),
(1152, 13, 112),
(1153, 13, 50),
(1154, 13, 113),
(1155, 13, 51),
(1156, 13, 114),
(1157, 13, 52),
(1158, 13, 115),
(1159, 14, 9),
(1160, 14, 72),
(1161, 14, 10),
(1162, 14, 73),
(1163, 14, 11),
(1164, 14, 74),
(1165, 14, 12),
(1166, 14, 75),
(1167, 14, 13),
(1168, 14, 76),
(1169, 14, 14),
(1170, 14, 77),
(1171, 14, 15),
(1172, 14, 78),
(1173, 14, 16),
(1174, 14, 79),
(1175, 14, 17),
(1176, 14, 80),
(1177, 14, 18),
(1178, 14, 81),
(1179, 14, 19),
(1180, 14, 82),
(1181, 14, 20),
(1182, 14, 83),
(1183, 14, 21),
(1184, 14, 84),
(1185, 14, 22),
(1186, 14, 85),
(1187, 14, 23),
(1188, 14, 86),
(1189, 14, 24),
(1190, 14, 87),
(1191, 14, 25),
(1192, 14, 88),
(1193, 14, 26),
(1194, 14, 89),
(1195, 14, 27),
(1196, 14, 90),
(1197, 14, 28),
(1198, 14, 91),
(1199, 14, 29),
(1200, 14, 92),
(1201, 14, 30),
(1202, 14, 93),
(1203, 14, 31),
(1204, 14, 94),
(1205, 14, 32),
(1206, 14, 95),
(1207, 14, 33),
(1208, 14, 96),
(1209, 14, 34),
(1210, 14, 97),
(1211, 14, 35),
(1212, 14, 98),
(1213, 14, 36),
(1214, 14, 99),
(1215, 14, 37),
(1216, 14, 100),
(1217, 14, 38),
(1218, 14, 101),
(1219, 14, 39),
(1220, 14, 102),
(1221, 14, 40),
(1222, 14, 103),
(1223, 14, 41),
(1224, 14, 104),
(1225, 14, 42),
(1226, 14, 105),
(1227, 14, 43),
(1228, 14, 106),
(1229, 14, 44),
(1230, 14, 107),
(1231, 14, 45),
(1232, 14, 108),
(1233, 14, 46),
(1234, 14, 109),
(1235, 14, 47),
(1236, 14, 110),
(1237, 14, 48),
(1238, 14, 111),
(1239, 14, 49),
(1240, 14, 112),
(1241, 14, 50),
(1242, 14, 113),
(1243, 14, 51),
(1244, 14, 114),
(1245, 14, 52),
(1246, 14, 115),
(1247, 15, 9),
(1248, 15, 72),
(1249, 15, 10),
(1250, 15, 73),
(1251, 15, 11),
(1252, 15, 74),
(1253, 15, 12),
(1254, 15, 75),
(1255, 15, 13),
(1256, 15, 76),
(1257, 15, 14),
(1258, 15, 77),
(1259, 15, 15),
(1260, 15, 78),
(1261, 15, 16),
(1262, 15, 79),
(1263, 15, 17),
(1264, 15, 80),
(1265, 15, 18),
(1266, 15, 81),
(1267, 15, 19),
(1268, 15, 82),
(1269, 15, 20),
(1270, 15, 83),
(1271, 15, 21),
(1272, 15, 84),
(1273, 15, 22),
(1274, 15, 85),
(1275, 15, 23),
(1276, 15, 86),
(1277, 15, 24),
(1278, 15, 87),
(1279, 15, 25),
(1280, 15, 88),
(1281, 15, 26),
(1282, 15, 89),
(1283, 15, 27),
(1284, 15, 90),
(1285, 15, 28),
(1286, 15, 91),
(1287, 15, 29),
(1288, 15, 92),
(1289, 15, 30),
(1290, 15, 93),
(1291, 15, 31),
(1292, 15, 94),
(1293, 15, 32),
(1294, 15, 95),
(1295, 15, 33),
(1296, 15, 96),
(1297, 15, 34),
(1298, 15, 97),
(1299, 15, 35),
(1300, 15, 98),
(1301, 15, 36),
(1302, 15, 99),
(1303, 15, 37),
(1304, 15, 100),
(1305, 15, 38),
(1306, 15, 101),
(1307, 15, 39),
(1308, 15, 102),
(1309, 15, 40),
(1310, 15, 103),
(1311, 15, 41),
(1312, 15, 104),
(1313, 15, 42),
(1314, 15, 105),
(1315, 15, 43),
(1316, 15, 106),
(1317, 15, 44),
(1318, 15, 107),
(1319, 15, 45),
(1320, 15, 108),
(1321, 15, 46),
(1322, 15, 109),
(1323, 15, 47),
(1324, 15, 110),
(1325, 15, 48),
(1326, 15, 111),
(1327, 15, 49),
(1328, 15, 112),
(1329, 15, 50),
(1330, 15, 113),
(1331, 15, 51),
(1332, 15, 114),
(1333, 15, 52),
(1334, 15, 115),
(1335, 16, 9),
(1336, 16, 72),
(1337, 16, 10),
(1338, 16, 73),
(1339, 16, 11),
(1340, 16, 74),
(1341, 16, 12),
(1342, 16, 75),
(1343, 16, 13),
(1344, 16, 76),
(1345, 16, 14),
(1346, 16, 77),
(1347, 16, 15),
(1348, 16, 78),
(1349, 16, 16),
(1350, 16, 79),
(1351, 16, 17),
(1352, 16, 80),
(1353, 16, 18),
(1354, 16, 81),
(1355, 16, 19),
(1356, 16, 82),
(1357, 16, 20),
(1358, 16, 83),
(1359, 16, 21),
(1360, 16, 84),
(1361, 16, 22),
(1362, 16, 85),
(1363, 16, 23),
(1364, 16, 86),
(1365, 16, 24),
(1366, 16, 87),
(1367, 16, 25),
(1368, 16, 88),
(1369, 16, 26),
(1370, 16, 89),
(1371, 16, 27),
(1372, 16, 90),
(1373, 16, 28),
(1374, 16, 91),
(1375, 16, 29),
(1376, 16, 92),
(1377, 16, 30),
(1378, 16, 93),
(1379, 16, 31),
(1380, 16, 94),
(1381, 16, 32),
(1382, 16, 95),
(1383, 16, 33),
(1384, 16, 96),
(1385, 16, 34),
(1386, 16, 97),
(1387, 16, 35),
(1388, 16, 98),
(1389, 16, 36),
(1390, 16, 99),
(1391, 16, 37),
(1392, 16, 100),
(1393, 16, 38),
(1394, 16, 101),
(1395, 16, 39),
(1396, 16, 102),
(1397, 16, 40),
(1398, 16, 103),
(1399, 16, 41),
(1400, 16, 104),
(1401, 16, 42),
(1402, 16, 105),
(1403, 16, 43),
(1404, 16, 106),
(1405, 16, 44),
(1406, 16, 107),
(1407, 16, 45),
(1408, 16, 108),
(1409, 16, 46),
(1410, 16, 109),
(1411, 16, 47),
(1412, 16, 110),
(1413, 16, 48),
(1414, 16, 111),
(1415, 16, 49),
(1416, 16, 112),
(1417, 16, 50),
(1418, 16, 113),
(1419, 16, 51),
(1420, 16, 114),
(1421, 16, 52),
(1422, 16, 115),
(1423, 17, 9),
(1424, 17, 72),
(1425, 17, 10),
(1426, 17, 73),
(1427, 17, 11),
(1428, 17, 74),
(1429, 17, 12),
(1430, 17, 75),
(1431, 17, 13),
(1432, 17, 76),
(1433, 17, 14),
(1434, 17, 77),
(1435, 17, 15),
(1436, 17, 78),
(1437, 17, 16),
(1438, 17, 79),
(1439, 17, 17),
(1440, 17, 80),
(1441, 17, 18),
(1442, 17, 81),
(1443, 17, 19),
(1444, 17, 82),
(1445, 17, 20),
(1446, 17, 83),
(1447, 17, 21),
(1448, 17, 84),
(1449, 17, 22),
(1450, 17, 85),
(1451, 17, 23),
(1452, 17, 86),
(1453, 17, 24),
(1454, 17, 87),
(1455, 17, 25),
(1456, 17, 88),
(1457, 17, 26),
(1458, 17, 89),
(1459, 17, 27),
(1460, 17, 90),
(1461, 17, 28),
(1462, 17, 91),
(1463, 17, 29),
(1464, 17, 92),
(1465, 17, 30),
(1466, 17, 93),
(1467, 17, 31),
(1468, 17, 94),
(1469, 17, 32),
(1470, 17, 95),
(1471, 17, 33),
(1472, 17, 96),
(1473, 17, 34),
(1474, 17, 97),
(1475, 17, 35),
(1476, 17, 98),
(1477, 17, 36),
(1478, 17, 99),
(1479, 17, 37),
(1480, 17, 100),
(1481, 17, 38),
(1482, 17, 101),
(1483, 17, 39),
(1484, 17, 102),
(1485, 17, 40),
(1486, 17, 103),
(1487, 17, 41),
(1488, 17, 104),
(1489, 17, 42),
(1490, 17, 105),
(1491, 17, 43),
(1492, 17, 106),
(1493, 17, 44),
(1494, 17, 107),
(1495, 17, 45),
(1496, 17, 108),
(1497, 17, 46),
(1498, 17, 109),
(1499, 17, 47),
(1500, 17, 110),
(1501, 17, 48),
(1502, 17, 111),
(1503, 17, 49),
(1504, 17, 112),
(1505, 17, 50),
(1506, 17, 113),
(1507, 17, 51),
(1508, 17, 114),
(1509, 17, 52),
(1510, 17, 115),
(1511, 18, 9),
(1512, 18, 72),
(1513, 18, 10),
(1514, 18, 73),
(1515, 18, 11),
(1516, 18, 74),
(1517, 18, 12),
(1518, 18, 75),
(1519, 18, 13),
(1520, 18, 76),
(1521, 18, 14),
(1522, 18, 77),
(1523, 18, 15),
(1524, 18, 78),
(1525, 18, 16),
(1526, 18, 79),
(1527, 18, 17),
(1528, 18, 80),
(1529, 18, 18),
(1530, 18, 81),
(1531, 18, 19),
(1532, 18, 82),
(1533, 18, 20),
(1534, 18, 83),
(1535, 18, 21),
(1536, 18, 84),
(1537, 18, 22),
(1538, 18, 85),
(1539, 18, 23),
(1540, 18, 86),
(1541, 18, 24),
(1542, 18, 87),
(1543, 18, 25),
(1544, 18, 88),
(1545, 18, 26),
(1546, 18, 89),
(1547, 18, 27),
(1548, 18, 90),
(1549, 18, 28),
(1550, 18, 91),
(1551, 18, 29),
(1552, 18, 92),
(1553, 18, 30),
(1554, 18, 93),
(1555, 18, 31),
(1556, 18, 94),
(1557, 18, 32),
(1558, 18, 95),
(1559, 18, 33),
(1560, 18, 96),
(1561, 18, 34),
(1562, 18, 97),
(1563, 18, 35),
(1564, 18, 98),
(1565, 18, 36),
(1566, 18, 99),
(1567, 18, 37),
(1568, 18, 100),
(1569, 18, 38),
(1570, 18, 101),
(1571, 18, 39),
(1572, 18, 102),
(1573, 18, 40),
(1574, 18, 103),
(1575, 18, 41),
(1576, 18, 104),
(1577, 18, 42),
(1578, 18, 105),
(1579, 18, 43),
(1580, 18, 106),
(1581, 18, 44),
(1582, 18, 107),
(1583, 18, 45),
(1584, 18, 108),
(1585, 18, 46),
(1586, 18, 109),
(1587, 18, 47),
(1588, 18, 110),
(1589, 18, 48),
(1590, 18, 111),
(1591, 18, 49),
(1592, 18, 112),
(1593, 18, 50),
(1594, 18, 113),
(1595, 18, 51),
(1596, 18, 114),
(1597, 18, 52),
(1598, 18, 115),
(1599, 19, 9),
(1600, 19, 72),
(1601, 19, 10),
(1602, 19, 73),
(1603, 19, 11),
(1604, 19, 74),
(1605, 19, 12),
(1606, 19, 75),
(1607, 19, 13),
(1608, 19, 76),
(1609, 19, 14),
(1610, 19, 77),
(1611, 19, 15),
(1612, 19, 78),
(1613, 19, 16),
(1614, 19, 79),
(1615, 19, 17),
(1616, 19, 80),
(1617, 19, 18),
(1618, 19, 81),
(1619, 19, 19),
(1620, 19, 82),
(1621, 19, 20),
(1622, 19, 83),
(1623, 19, 21),
(1624, 19, 84),
(1625, 19, 22),
(1626, 19, 85),
(1627, 19, 23),
(1628, 19, 86),
(1629, 19, 24),
(1630, 19, 87),
(1631, 19, 25),
(1632, 19, 88),
(1633, 19, 26),
(1634, 19, 89),
(1635, 19, 27),
(1636, 19, 90),
(1637, 19, 28),
(1638, 19, 91),
(1639, 19, 29),
(1640, 19, 92),
(1641, 19, 30),
(1642, 19, 93),
(1643, 19, 31),
(1644, 19, 94),
(1645, 19, 32),
(1646, 19, 95),
(1647, 19, 33),
(1648, 19, 96),
(1649, 19, 34),
(1650, 19, 97),
(1651, 19, 35),
(1652, 19, 98),
(1653, 19, 36),
(1654, 19, 99),
(1655, 19, 37),
(1656, 19, 100),
(1657, 19, 38),
(1658, 19, 101),
(1659, 19, 39),
(1660, 19, 102),
(1661, 19, 40),
(1662, 19, 103),
(1663, 19, 41),
(1664, 19, 104),
(1665, 19, 42),
(1666, 19, 105),
(1667, 19, 43),
(1668, 19, 106),
(1669, 19, 44),
(1670, 19, 107),
(1671, 19, 45),
(1672, 19, 108),
(1673, 19, 46),
(1674, 19, 109),
(1675, 19, 47),
(1676, 19, 110),
(1677, 19, 48),
(1678, 19, 111),
(1679, 19, 49),
(1680, 19, 112),
(1681, 19, 50),
(1682, 19, 113),
(1683, 19, 51),
(1684, 19, 114),
(1685, 19, 52),
(1686, 19, 115),
(1687, 20, 9),
(1688, 20, 72),
(1689, 20, 10),
(1690, 20, 73),
(1691, 20, 11),
(1692, 20, 74),
(1693, 20, 12),
(1694, 20, 75),
(1695, 20, 13),
(1696, 20, 76),
(1697, 20, 14),
(1698, 20, 77),
(1699, 20, 15),
(1700, 20, 78),
(1701, 20, 16),
(1702, 20, 79),
(1703, 20, 17),
(1704, 20, 80),
(1705, 20, 18),
(1706, 20, 81),
(1707, 20, 19),
(1708, 20, 82),
(1709, 20, 20),
(1710, 20, 83),
(1711, 20, 21),
(1712, 20, 84),
(1713, 20, 22),
(1714, 20, 85),
(1715, 20, 23),
(1716, 20, 86),
(1717, 20, 24),
(1718, 20, 87),
(1719, 20, 25),
(1720, 20, 88),
(1721, 20, 26),
(1722, 20, 89),
(1723, 20, 27),
(1724, 20, 90),
(1725, 20, 28),
(1726, 20, 91),
(1727, 20, 29),
(1728, 20, 92),
(1729, 20, 30),
(1730, 20, 93),
(1731, 20, 31),
(1732, 20, 94),
(1733, 20, 32),
(1734, 20, 95),
(1735, 20, 33),
(1736, 20, 96),
(1737, 20, 34),
(1738, 20, 97),
(1739, 20, 35),
(1740, 20, 98),
(1741, 20, 36),
(1742, 20, 99),
(1743, 20, 37),
(1744, 20, 100),
(1745, 20, 38),
(1746, 20, 101),
(1747, 20, 39),
(1748, 20, 102),
(1749, 20, 40),
(1750, 20, 103),
(1751, 20, 41),
(1752, 20, 104),
(1753, 20, 42),
(1754, 20, 105),
(1755, 20, 43),
(1756, 20, 106),
(1757, 20, 44),
(1758, 20, 107),
(1759, 20, 45),
(1760, 20, 108),
(1761, 20, 46),
(1762, 20, 109),
(1763, 20, 47),
(1764, 20, 110),
(1765, 20, 48),
(1766, 20, 111),
(1767, 20, 49),
(1768, 20, 112),
(1769, 20, 50),
(1770, 20, 113),
(1771, 20, 51),
(1772, 20, 114),
(1773, 20, 52),
(1774, 20, 115),
(1775, 21, 9),
(1776, 21, 72),
(1777, 21, 10),
(1778, 21, 73),
(1779, 21, 11),
(1780, 21, 74),
(1781, 21, 12),
(1782, 21, 75),
(1783, 21, 13),
(1784, 21, 76),
(1785, 21, 14),
(1786, 21, 77),
(1787, 21, 15),
(1788, 21, 78),
(1789, 21, 16),
(1790, 21, 79),
(1791, 21, 17),
(1792, 21, 80),
(1793, 21, 18),
(1794, 21, 81),
(1795, 21, 19),
(1796, 21, 82),
(1797, 21, 20),
(1798, 21, 83),
(1799, 21, 21),
(1800, 21, 84),
(1801, 21, 22),
(1802, 21, 85),
(1803, 21, 23),
(1804, 21, 86),
(1805, 21, 24),
(1806, 21, 87),
(1807, 21, 25),
(1808, 21, 88),
(1809, 21, 26),
(1810, 21, 89),
(1811, 21, 27),
(1812, 21, 90),
(1813, 21, 28),
(1814, 21, 91),
(1815, 21, 29),
(1816, 21, 92),
(1817, 21, 30),
(1818, 21, 93),
(1819, 21, 31),
(1820, 21, 94),
(1821, 21, 32),
(1822, 21, 95),
(1823, 21, 33),
(1824, 21, 96),
(1825, 21, 34),
(1826, 21, 97),
(1827, 21, 35),
(1828, 21, 98),
(1829, 21, 36),
(1830, 21, 99),
(1831, 21, 37),
(1832, 21, 100),
(1833, 21, 38),
(1834, 21, 101),
(1835, 21, 39),
(1836, 21, 102),
(1837, 21, 40),
(1838, 21, 103),
(1839, 21, 41),
(1840, 21, 104),
(1841, 21, 42),
(1842, 21, 105),
(1843, 21, 43),
(1844, 21, 106),
(1845, 21, 44),
(1846, 21, 107),
(1847, 21, 45),
(1848, 21, 108),
(1849, 21, 46),
(1850, 21, 109),
(1851, 21, 47),
(1852, 21, 110),
(1853, 21, 48),
(1854, 21, 111),
(1855, 21, 49),
(1856, 21, 112),
(1857, 21, 50),
(1858, 21, 113),
(1859, 21, 51),
(1860, 21, 114),
(1861, 21, 52),
(1862, 21, 115),
(1863, 22, 9),
(1864, 22, 72),
(1865, 22, 10),
(1866, 22, 73),
(1867, 22, 11),
(1868, 22, 74),
(1869, 22, 12),
(1870, 22, 75),
(1871, 22, 13),
(1872, 22, 76),
(1873, 22, 14),
(1874, 22, 77),
(1875, 22, 15),
(1876, 22, 78),
(1877, 22, 16),
(1878, 22, 79),
(1879, 22, 17),
(1880, 22, 80),
(1881, 22, 18),
(1882, 22, 81),
(1883, 22, 19),
(1884, 22, 82),
(1885, 22, 20),
(1886, 22, 83),
(1887, 22, 21),
(1888, 22, 84),
(1889, 22, 22),
(1890, 22, 85),
(1891, 22, 23),
(1892, 22, 86),
(1893, 22, 24),
(1894, 22, 87),
(1895, 22, 25),
(1896, 22, 88),
(1897, 22, 26),
(1898, 22, 89),
(1899, 22, 27),
(1900, 22, 90),
(1901, 22, 28),
(1902, 22, 91),
(1903, 22, 29),
(1904, 22, 92),
(1905, 22, 30),
(1906, 22, 93),
(1907, 22, 31),
(1908, 22, 94),
(1909, 22, 32),
(1910, 22, 95),
(1911, 22, 33),
(1912, 22, 96),
(1913, 22, 34),
(1914, 22, 97),
(1915, 22, 35),
(1916, 22, 98),
(1917, 22, 36),
(1918, 22, 99),
(1919, 22, 37),
(1920, 22, 100),
(1921, 22, 38),
(1922, 22, 101),
(1923, 22, 39),
(1924, 22, 102),
(1925, 22, 40),
(1926, 22, 103),
(1927, 22, 41),
(1928, 22, 104),
(1929, 22, 42),
(1930, 22, 105),
(1931, 22, 43),
(1932, 22, 106),
(1933, 22, 44),
(1934, 22, 107),
(1935, 22, 45),
(1936, 22, 108),
(1937, 22, 46),
(1938, 22, 109),
(1939, 22, 47),
(1940, 22, 110),
(1941, 22, 48),
(1942, 22, 111),
(1943, 22, 49),
(1944, 22, 112),
(1945, 22, 50),
(1946, 22, 113),
(1947, 22, 51),
(1948, 22, 114),
(1949, 22, 52),
(1950, 22, 115),
(1951, 23, 9),
(1952, 23, 72),
(1953, 23, 10),
(1954, 23, 73),
(1955, 23, 11),
(1956, 23, 74),
(1957, 23, 12),
(1958, 23, 75),
(1959, 23, 13),
(1960, 23, 76),
(1961, 23, 14),
(1962, 23, 77),
(1963, 23, 15),
(1964, 23, 78),
(1965, 23, 16),
(1966, 23, 79),
(1967, 23, 17),
(1968, 23, 80),
(1969, 23, 18),
(1970, 23, 81),
(1971, 23, 19),
(1972, 23, 82),
(1973, 23, 20),
(1974, 23, 83),
(1975, 23, 21),
(1976, 23, 84),
(1977, 23, 22),
(1978, 23, 85),
(1979, 23, 23),
(1980, 23, 86),
(1981, 23, 24),
(1982, 23, 87),
(1983, 23, 25),
(1984, 23, 88),
(1985, 23, 26),
(1986, 23, 89),
(1987, 23, 27),
(1988, 23, 90),
(1989, 23, 28),
(1990, 23, 91),
(1991, 23, 29),
(1992, 23, 92),
(1993, 23, 30),
(1994, 23, 93),
(1995, 23, 31),
(1996, 23, 94),
(1997, 23, 32),
(1998, 23, 95),
(1999, 23, 33),
(2000, 23, 96),
(2001, 23, 34),
(2002, 23, 97),
(2003, 23, 35),
(2004, 23, 98),
(2005, 23, 36),
(2006, 23, 99),
(2007, 23, 37),
(2008, 23, 100),
(2009, 23, 38),
(2010, 23, 101),
(2011, 23, 39),
(2012, 23, 102),
(2013, 23, 40),
(2014, 23, 103),
(2015, 23, 41),
(2016, 23, 104),
(2017, 23, 42),
(2018, 23, 105),
(2019, 23, 43),
(2020, 23, 106),
(2021, 23, 44),
(2022, 23, 107),
(2023, 23, 45),
(2024, 23, 108),
(2025, 23, 46),
(2026, 23, 109),
(2027, 23, 47),
(2028, 23, 110),
(2029, 23, 48),
(2030, 23, 111),
(2031, 23, 49),
(2032, 23, 112),
(2033, 23, 50),
(2034, 23, 113),
(2035, 23, 51),
(2036, 23, 114),
(2037, 23, 52),
(2038, 23, 115),
(2039, 24, 9),
(2040, 24, 72),
(2041, 24, 10),
(2042, 24, 73),
(2043, 24, 11),
(2044, 24, 74),
(2045, 24, 12),
(2046, 24, 75),
(2047, 24, 13),
(2048, 24, 76),
(2049, 24, 14),
(2050, 24, 77),
(2051, 24, 15),
(2052, 24, 78),
(2053, 24, 16),
(2054, 24, 79),
(2055, 24, 17),
(2056, 24, 80),
(2057, 24, 18),
(2058, 24, 81),
(2059, 24, 19),
(2060, 24, 82),
(2061, 24, 20),
(2062, 24, 83),
(2063, 24, 21),
(2064, 24, 84),
(2065, 24, 22),
(2066, 24, 85),
(2067, 24, 23),
(2068, 24, 86),
(2069, 24, 24),
(2070, 24, 87),
(2071, 24, 25),
(2072, 24, 88),
(2073, 24, 26),
(2074, 24, 89),
(2075, 24, 27),
(2076, 24, 90),
(2077, 24, 28),
(2078, 24, 91),
(2079, 24, 29),
(2080, 24, 92),
(2081, 24, 30),
(2082, 24, 93),
(2083, 24, 31),
(2084, 24, 94),
(2085, 24, 32),
(2086, 24, 95),
(2087, 24, 33),
(2088, 24, 96),
(2089, 24, 34),
(2090, 24, 97),
(2091, 24, 35),
(2092, 24, 98),
(2093, 24, 36),
(2094, 24, 99),
(2095, 24, 37),
(2096, 24, 100),
(2097, 24, 38),
(2098, 24, 101),
(2099, 24, 39),
(2100, 24, 102),
(2101, 24, 40),
(2102, 24, 103),
(2103, 24, 41),
(2104, 24, 104),
(2105, 24, 42),
(2106, 24, 105),
(2107, 24, 43),
(2108, 24, 106),
(2109, 24, 44),
(2110, 24, 107),
(2111, 24, 45),
(2112, 24, 108),
(2113, 24, 46),
(2114, 24, 109),
(2115, 24, 47),
(2116, 24, 110),
(2117, 24, 48),
(2118, 24, 111),
(2119, 24, 49),
(2120, 24, 112),
(2121, 24, 50),
(2122, 24, 113),
(2123, 24, 51),
(2124, 24, 114),
(2125, 24, 52),
(2126, 24, 115),
(2127, 25, 9),
(2128, 25, 72),
(2129, 25, 10),
(2130, 25, 73),
(2131, 25, 11),
(2132, 25, 74),
(2133, 25, 12),
(2134, 25, 75),
(2135, 25, 13),
(2136, 25, 76),
(2137, 25, 14),
(2138, 25, 77),
(2139, 25, 15),
(2140, 25, 78),
(2141, 25, 16),
(2142, 25, 79),
(2143, 25, 17),
(2144, 25, 80),
(2145, 25, 18),
(2146, 25, 81),
(2147, 25, 19),
(2148, 25, 82),
(2149, 25, 20),
(2150, 25, 83),
(2151, 25, 21),
(2152, 25, 84),
(2153, 25, 22),
(2154, 25, 85),
(2155, 25, 23),
(2156, 25, 86),
(2157, 25, 24),
(2158, 25, 87),
(2159, 25, 25),
(2160, 25, 88),
(2161, 25, 26),
(2162, 25, 89),
(2163, 25, 27),
(2164, 25, 90),
(2165, 25, 28),
(2166, 25, 91),
(2167, 25, 29),
(2168, 25, 92),
(2169, 25, 30),
(2170, 25, 93),
(2171, 25, 31),
(2172, 25, 94),
(2173, 25, 32),
(2174, 25, 95),
(2175, 25, 33),
(2176, 25, 96),
(2177, 25, 34),
(2178, 25, 97),
(2179, 25, 35),
(2180, 25, 98),
(2181, 25, 36),
(2182, 25, 99),
(2183, 25, 37),
(2184, 25, 100),
(2185, 25, 38),
(2186, 25, 101),
(2187, 25, 39),
(2188, 25, 102),
(2189, 25, 40),
(2190, 25, 103),
(2191, 25, 41),
(2192, 25, 104),
(2193, 25, 42),
(2194, 25, 105),
(2195, 25, 43),
(2196, 25, 106),
(2197, 25, 44),
(2198, 25, 107),
(2199, 25, 45),
(2200, 25, 108),
(2201, 25, 46),
(2202, 25, 109),
(2203, 25, 47),
(2204, 25, 110),
(2205, 25, 48),
(2206, 25, 111),
(2207, 25, 49),
(2208, 25, 112),
(2209, 25, 50),
(2210, 25, 113),
(2211, 25, 51),
(2212, 25, 114),
(2213, 25, 52),
(2214, 25, 115),
(2215, 26, 9),
(2216, 26, 72),
(2217, 26, 10),
(2218, 26, 73),
(2219, 26, 11),
(2220, 26, 74),
(2221, 26, 12),
(2222, 26, 75),
(2223, 26, 13),
(2224, 26, 76),
(2225, 26, 14),
(2226, 26, 77),
(2227, 26, 15),
(2228, 26, 78),
(2229, 26, 16),
(2230, 26, 79),
(2231, 26, 17),
(2232, 26, 80),
(2233, 26, 18),
(2234, 26, 81),
(2235, 26, 19),
(2236, 26, 82),
(2237, 26, 20),
(2238, 26, 83),
(2239, 26, 21),
(2240, 26, 84),
(2241, 26, 22),
(2242, 26, 85),
(2243, 26, 23),
(2244, 26, 86),
(2245, 26, 24),
(2246, 26, 87),
(2247, 26, 25),
(2248, 26, 88),
(2249, 26, 26),
(2250, 26, 89),
(2251, 26, 27),
(2252, 26, 90),
(2253, 26, 28),
(2254, 26, 91),
(2255, 26, 29),
(2256, 26, 92),
(2257, 26, 30),
(2258, 26, 93),
(2259, 26, 31),
(2260, 26, 94),
(2261, 26, 32),
(2262, 26, 95),
(2263, 26, 33),
(2264, 26, 96),
(2265, 26, 34),
(2266, 26, 97),
(2267, 26, 35),
(2268, 26, 98),
(2269, 26, 36),
(2270, 26, 99),
(2271, 26, 37),
(2272, 26, 100),
(2273, 26, 38),
(2274, 26, 101),
(2275, 26, 39),
(2276, 26, 102),
(2277, 26, 40),
(2278, 26, 103),
(2279, 26, 41),
(2280, 26, 104),
(2281, 26, 42),
(2282, 26, 105),
(2283, 26, 43),
(2284, 26, 106),
(2285, 26, 44),
(2286, 26, 107),
(2287, 26, 45),
(2288, 26, 108),
(2289, 26, 46),
(2290, 26, 109),
(2291, 26, 47),
(2292, 26, 110),
(2293, 26, 48),
(2294, 26, 111),
(2295, 26, 49),
(2296, 26, 112),
(2297, 26, 50),
(2298, 26, 113),
(2299, 26, 51),
(2300, 26, 114),
(2301, 26, 52),
(2302, 26, 115),
(2303, 27, 9),
(2304, 27, 72),
(2305, 27, 10),
(2306, 27, 73),
(2307, 27, 11),
(2308, 27, 74),
(2309, 27, 12),
(2310, 27, 75),
(2311, 27, 13),
(2312, 27, 76),
(2313, 27, 14),
(2314, 27, 77),
(2315, 27, 15),
(2316, 27, 78),
(2317, 27, 16),
(2318, 27, 79),
(2319, 27, 17),
(2320, 27, 80),
(2321, 27, 18),
(2322, 27, 81),
(2323, 27, 19),
(2324, 27, 82),
(2325, 27, 20),
(2326, 27, 83),
(2327, 27, 21),
(2328, 27, 84),
(2329, 27, 22),
(2330, 27, 85),
(2331, 27, 23),
(2332, 27, 86),
(2333, 27, 24),
(2334, 27, 87),
(2335, 27, 25),
(2336, 27, 88),
(2337, 27, 26),
(2338, 27, 89),
(2339, 27, 27),
(2340, 27, 90),
(2341, 27, 28),
(2342, 27, 91),
(2343, 27, 29),
(2344, 27, 92),
(2345, 27, 30),
(2346, 27, 93),
(2347, 27, 31),
(2348, 27, 94),
(2349, 27, 32),
(2350, 27, 95),
(2351, 27, 33),
(2352, 27, 96),
(2353, 27, 34),
(2354, 27, 97),
(2355, 27, 35),
(2356, 27, 98),
(2357, 27, 36),
(2358, 27, 99),
(2359, 27, 37),
(2360, 27, 100),
(2361, 27, 38),
(2362, 27, 101),
(2363, 27, 39),
(2364, 27, 102),
(2365, 27, 40),
(2366, 27, 103),
(2367, 27, 41),
(2368, 27, 104),
(2369, 27, 42),
(2370, 27, 105),
(2371, 27, 43),
(2372, 27, 106),
(2373, 27, 44),
(2374, 27, 107),
(2375, 27, 45),
(2376, 27, 108),
(2377, 27, 46),
(2378, 27, 109),
(2379, 27, 47),
(2380, 27, 110),
(2381, 27, 48),
(2382, 27, 111),
(2383, 27, 49),
(2384, 27, 112),
(2385, 27, 50),
(2386, 27, 113),
(2387, 27, 51),
(2388, 27, 114),
(2389, 27, 52),
(2390, 27, 115),
(2391, 28, 9),
(2392, 28, 72),
(2393, 28, 10),
(2394, 28, 73),
(2395, 28, 11),
(2396, 28, 74),
(2397, 28, 12),
(2398, 28, 75),
(2399, 28, 13),
(2400, 28, 76),
(2401, 28, 14),
(2402, 28, 77),
(2403, 28, 15),
(2404, 28, 78),
(2405, 28, 16),
(2406, 28, 79),
(2407, 28, 17),
(2408, 28, 80),
(2409, 28, 18),
(2410, 28, 81),
(2411, 28, 19),
(2412, 28, 82),
(2413, 28, 20),
(2414, 28, 83),
(2415, 28, 21),
(2416, 28, 84),
(2417, 28, 22),
(2418, 28, 85),
(2419, 28, 23),
(2420, 28, 86),
(2421, 28, 24),
(2422, 28, 87),
(2423, 28, 25),
(2424, 28, 88),
(2425, 28, 26),
(2426, 28, 89),
(2427, 28, 27),
(2428, 28, 90),
(2429, 28, 28),
(2430, 28, 91),
(2431, 28, 29),
(2432, 28, 92),
(2433, 28, 30),
(2434, 28, 93),
(2435, 28, 31),
(2436, 28, 94),
(2437, 28, 32),
(2438, 28, 95),
(2439, 28, 33),
(2440, 28, 96),
(2441, 28, 34),
(2442, 28, 97),
(2443, 28, 35),
(2444, 28, 98),
(2445, 28, 36),
(2446, 28, 99),
(2447, 28, 37),
(2448, 28, 100),
(2449, 28, 38),
(2450, 28, 101),
(2451, 28, 39),
(2452, 28, 102),
(2453, 28, 40),
(2454, 28, 103),
(2455, 28, 41),
(2456, 28, 104),
(2457, 28, 42),
(2458, 28, 105),
(2459, 28, 43),
(2460, 28, 106),
(2461, 28, 44),
(2462, 28, 107),
(2463, 28, 45),
(2464, 28, 108),
(2465, 28, 46),
(2466, 28, 109),
(2467, 28, 47),
(2468, 28, 110),
(2469, 28, 48),
(2470, 28, 111),
(2471, 28, 49),
(2472, 28, 112),
(2473, 28, 50),
(2474, 28, 113),
(2475, 28, 51),
(2476, 28, 114),
(2477, 28, 52),
(2478, 28, 115),
(2479, 29, 9),
(2480, 29, 72),
(2481, 29, 10),
(2482, 29, 73),
(2483, 29, 11),
(2484, 29, 74),
(2485, 29, 12),
(2486, 29, 75),
(2487, 29, 13),
(2488, 29, 76),
(2489, 29, 14),
(2490, 29, 77),
(2491, 29, 15),
(2492, 29, 78),
(2493, 29, 16),
(2494, 29, 79),
(2495, 29, 17),
(2496, 29, 80),
(2497, 29, 18),
(2498, 29, 81),
(2499, 29, 19),
(2500, 29, 82),
(2501, 29, 20),
(2502, 29, 83),
(2503, 29, 21),
(2504, 29, 84),
(2505, 29, 22),
(2506, 29, 85),
(2507, 29, 23),
(2508, 29, 86),
(2509, 29, 24),
(2510, 29, 87),
(2511, 29, 25),
(2512, 29, 88),
(2513, 29, 26),
(2514, 29, 89),
(2515, 29, 27),
(2516, 29, 90),
(2517, 29, 28),
(2518, 29, 91),
(2519, 29, 29),
(2520, 29, 92),
(2521, 29, 30),
(2522, 29, 93),
(2523, 29, 31),
(2524, 29, 94),
(2525, 29, 32),
(2526, 29, 95),
(2527, 29, 33),
(2528, 29, 96),
(2529, 29, 34),
(2530, 29, 97),
(2531, 29, 35),
(2532, 29, 98),
(2533, 29, 36),
(2534, 29, 99),
(2535, 29, 37),
(2536, 29, 100),
(2537, 29, 38),
(2538, 29, 101),
(2539, 29, 39),
(2540, 29, 102),
(2541, 29, 40),
(2542, 29, 103),
(2543, 29, 41),
(2544, 29, 104),
(2545, 29, 42),
(2546, 29, 105),
(2547, 29, 43),
(2548, 29, 106),
(2549, 29, 44),
(2550, 29, 107),
(2551, 29, 45),
(2552, 29, 108),
(2553, 29, 46),
(2554, 29, 109),
(2555, 29, 47),
(2556, 29, 110),
(2557, 29, 48),
(2558, 29, 111),
(2559, 29, 49),
(2560, 29, 112),
(2561, 29, 50),
(2562, 29, 113),
(2563, 29, 51),
(2564, 29, 114),
(2565, 29, 52),
(2566, 29, 115),
(2567, 30, 9),
(2568, 30, 72),
(2569, 30, 10),
(2570, 30, 73),
(2571, 30, 11),
(2572, 30, 74),
(2573, 30, 12),
(2574, 30, 75),
(2575, 30, 13),
(2576, 30, 76),
(2577, 30, 14),
(2578, 30, 77),
(2579, 30, 15),
(2580, 30, 78),
(2581, 30, 16),
(2582, 30, 79),
(2583, 30, 17),
(2584, 30, 80),
(2585, 30, 18),
(2586, 30, 81),
(2587, 30, 19),
(2588, 30, 82),
(2589, 30, 20),
(2590, 30, 83),
(2591, 30, 21),
(2592, 30, 84),
(2593, 30, 22),
(2594, 30, 85),
(2595, 30, 23),
(2596, 30, 86),
(2597, 30, 24),
(2598, 30, 87),
(2599, 30, 25),
(2600, 30, 88),
(2601, 30, 26),
(2602, 30, 89),
(2603, 30, 27),
(2604, 30, 90),
(2605, 30, 28),
(2606, 30, 91),
(2607, 30, 29),
(2608, 30, 92),
(2609, 30, 30),
(2610, 30, 93),
(2611, 30, 31),
(2612, 30, 94),
(2613, 30, 32),
(2614, 30, 95),
(2615, 30, 33),
(2616, 30, 96),
(2617, 30, 34),
(2618, 30, 97),
(2619, 30, 35),
(2620, 30, 98),
(2621, 30, 36),
(2622, 30, 99),
(2623, 30, 37),
(2624, 30, 100),
(2625, 30, 38),
(2626, 30, 101),
(2627, 30, 39),
(2628, 30, 102),
(2629, 30, 40),
(2630, 30, 103),
(2631, 30, 41),
(2632, 30, 104),
(2633, 30, 42),
(2634, 30, 105),
(2635, 30, 43),
(2636, 30, 106),
(2637, 30, 44),
(2638, 30, 107),
(2639, 30, 45),
(2640, 30, 108),
(2641, 30, 46),
(2642, 30, 109),
(2643, 30, 47),
(2644, 30, 110),
(2645, 30, 48),
(2646, 30, 111),
(2647, 30, 49),
(2648, 30, 112),
(2649, 30, 50),
(2650, 30, 113),
(2651, 30, 51),
(2652, 30, 114),
(2653, 30, 52),
(2654, 30, 115),
(2655, 31, 9),
(2656, 31, 72),
(2657, 31, 10),
(2658, 31, 73),
(2659, 31, 11),
(2660, 31, 74),
(2661, 31, 12),
(2662, 31, 75),
(2663, 31, 13),
(2664, 31, 76),
(2665, 31, 14),
(2666, 31, 77),
(2667, 31, 15),
(2668, 31, 78),
(2669, 31, 16),
(2670, 31, 79),
(2671, 31, 17),
(2672, 31, 80),
(2673, 31, 18),
(2674, 31, 81),
(2675, 31, 19),
(2676, 31, 82),
(2677, 31, 20),
(2678, 31, 83),
(2679, 31, 21),
(2680, 31, 84),
(2681, 31, 22),
(2682, 31, 85),
(2683, 31, 23),
(2684, 31, 86),
(2685, 31, 24),
(2686, 31, 87),
(2687, 31, 25),
(2688, 31, 88),
(2689, 31, 26),
(2690, 31, 89),
(2691, 31, 27),
(2692, 31, 90),
(2693, 31, 28),
(2694, 31, 91),
(2695, 31, 29),
(2696, 31, 92),
(2697, 31, 30),
(2698, 31, 93),
(2699, 31, 31),
(2700, 31, 94),
(2701, 31, 32),
(2702, 31, 95),
(2703, 31, 33),
(2704, 31, 96),
(2705, 31, 34),
(2706, 31, 97),
(2707, 31, 35),
(2708, 31, 98),
(2709, 31, 36),
(2710, 31, 99),
(2711, 31, 37),
(2712, 31, 100),
(2713, 31, 38),
(2714, 31, 101),
(2715, 31, 39),
(2716, 31, 102),
(2717, 31, 40),
(2718, 31, 103),
(2719, 31, 41),
(2720, 31, 104),
(2721, 31, 42),
(2722, 31, 105),
(2723, 31, 43),
(2724, 31, 106),
(2725, 31, 44),
(2726, 31, 107),
(2727, 31, 45),
(2728, 31, 108),
(2729, 31, 46),
(2730, 31, 109),
(2731, 31, 47),
(2732, 31, 110),
(2733, 31, 48),
(2734, 31, 111),
(2735, 31, 49),
(2736, 31, 112),
(2737, 31, 50),
(2738, 31, 113),
(2739, 31, 51),
(2740, 31, 114),
(2741, 31, 52),
(2742, 31, 115),
(2743, 32, 9),
(2744, 32, 72),
(2745, 32, 10),
(2746, 32, 73),
(2747, 32, 11),
(2748, 32, 74),
(2749, 32, 12),
(2750, 32, 75),
(2751, 32, 13),
(2752, 32, 76),
(2753, 32, 14),
(2754, 32, 77),
(2755, 32, 15),
(2756, 32, 78),
(2757, 32, 16),
(2758, 32, 79),
(2759, 32, 17),
(2760, 32, 80),
(2761, 32, 18),
(2762, 32, 81),
(2763, 32, 19),
(2764, 32, 82),
(2765, 32, 20),
(2766, 32, 83),
(2767, 32, 21),
(2768, 32, 84),
(2769, 32, 22),
(2770, 32, 85),
(2771, 32, 23),
(2772, 32, 86),
(2773, 32, 24),
(2774, 32, 87),
(2775, 32, 25),
(2776, 32, 88),
(2777, 32, 26),
(2778, 32, 89),
(2779, 32, 27),
(2780, 32, 90),
(2781, 32, 28),
(2782, 32, 91),
(2783, 32, 29),
(2784, 32, 92),
(2785, 32, 30),
(2786, 32, 93),
(2787, 32, 31),
(2788, 32, 94),
(2789, 32, 32),
(2790, 32, 95),
(2791, 32, 33),
(2792, 32, 96),
(2793, 32, 34),
(2794, 32, 97),
(2795, 32, 35),
(2796, 32, 98),
(2797, 32, 36),
(2798, 32, 99),
(2799, 32, 37),
(2800, 32, 100),
(2801, 32, 38),
(2802, 32, 101),
(2803, 32, 39),
(2804, 32, 102),
(2805, 32, 40),
(2806, 32, 103),
(2807, 32, 41),
(2808, 32, 104),
(2809, 32, 42),
(2810, 32, 105),
(2811, 32, 43),
(2812, 32, 106),
(2813, 32, 44),
(2814, 32, 107),
(2815, 32, 45),
(2816, 32, 108),
(2817, 32, 46),
(2818, 32, 109),
(2819, 32, 47),
(2820, 32, 110),
(2821, 32, 48),
(2822, 32, 111),
(2823, 32, 49),
(2824, 32, 112),
(2825, 32, 50),
(2826, 32, 113),
(2827, 32, 51),
(2828, 32, 114),
(2829, 32, 52),
(2830, 32, 115),
(2831, 33, 9),
(2832, 33, 72),
(2833, 33, 10),
(2834, 33, 73),
(2835, 33, 11),
(2836, 33, 74),
(2837, 33, 12),
(2838, 33, 75),
(2839, 33, 13),
(2840, 33, 76),
(2841, 33, 14),
(2842, 33, 77),
(2843, 33, 15),
(2844, 33, 78),
(2845, 33, 16),
(2846, 33, 79),
(2847, 33, 17),
(2848, 33, 80),
(2849, 33, 18),
(2850, 33, 81),
(2851, 33, 19),
(2852, 33, 82),
(2853, 33, 20),
(2854, 33, 83),
(2855, 33, 21),
(2856, 33, 84),
(2857, 33, 22),
(2858, 33, 85),
(2859, 33, 23),
(2860, 33, 86),
(2861, 33, 24),
(2862, 33, 87),
(2863, 33, 25),
(2864, 33, 88),
(2865, 33, 26),
(2866, 33, 89),
(2867, 33, 27),
(2868, 33, 90),
(2869, 33, 28),
(2870, 33, 91),
(2871, 33, 29),
(2872, 33, 92),
(2873, 33, 30),
(2874, 33, 93),
(2875, 33, 31),
(2876, 33, 94),
(2877, 33, 32),
(2878, 33, 95),
(2879, 33, 33),
(2880, 33, 96),
(2881, 33, 34),
(2882, 33, 97),
(2883, 33, 35),
(2884, 33, 98),
(2885, 33, 36),
(2886, 33, 99),
(2887, 33, 37),
(2888, 33, 100),
(2889, 33, 38),
(2890, 33, 101),
(2891, 33, 39),
(2892, 33, 102),
(2893, 33, 40),
(2894, 33, 103),
(2895, 33, 41),
(2896, 33, 104),
(2897, 33, 42),
(2898, 33, 105),
(2899, 33, 43),
(2900, 33, 106),
(2901, 33, 44),
(2902, 33, 107),
(2903, 33, 45),
(2904, 33, 108),
(2905, 33, 46),
(2906, 33, 109),
(2907, 33, 47),
(2908, 33, 110),
(2909, 33, 48),
(2910, 33, 111),
(2911, 33, 49),
(2912, 33, 112),
(2913, 33, 50),
(2914, 33, 113),
(2915, 33, 51),
(2916, 33, 114),
(2917, 33, 52),
(2918, 33, 115),
(2919, 34, 9),
(2920, 34, 72),
(2921, 34, 10),
(2922, 34, 73),
(2923, 34, 11),
(2924, 34, 74),
(2925, 34, 12),
(2926, 34, 75),
(2927, 34, 13),
(2928, 34, 76),
(2929, 34, 14),
(2930, 34, 77),
(2931, 34, 15),
(2932, 34, 78),
(2933, 34, 16),
(2934, 34, 79),
(2935, 34, 17),
(2936, 34, 80),
(2937, 34, 18),
(2938, 34, 81),
(2939, 34, 19),
(2940, 34, 82),
(2941, 34, 20),
(2942, 34, 83),
(2943, 34, 21),
(2944, 34, 84),
(2945, 34, 22),
(2946, 34, 85),
(2947, 34, 23),
(2948, 34, 86),
(2949, 34, 24),
(2950, 34, 87),
(2951, 34, 25),
(2952, 34, 88),
(2953, 34, 26),
(2954, 34, 89),
(2955, 34, 27),
(2956, 34, 90),
(2957, 34, 28),
(2958, 34, 91),
(2959, 34, 29),
(2960, 34, 92),
(2961, 34, 30),
(2962, 34, 93),
(2963, 34, 31),
(2964, 34, 94),
(2965, 34, 32),
(2966, 34, 95),
(2967, 34, 33),
(2968, 34, 96),
(2969, 34, 34),
(2970, 34, 97),
(2971, 34, 35),
(2972, 34, 98),
(2973, 34, 36),
(2974, 34, 99),
(2975, 34, 37),
(2976, 34, 100),
(2977, 34, 38),
(2978, 34, 101),
(2979, 34, 39),
(2980, 34, 102),
(2981, 34, 40),
(2982, 34, 103),
(2983, 34, 41),
(2984, 34, 104),
(2985, 34, 42),
(2986, 34, 105),
(2987, 34, 43),
(2988, 34, 106),
(2989, 34, 44),
(2990, 34, 107),
(2991, 34, 45),
(2992, 34, 108),
(2993, 34, 46),
(2994, 34, 109),
(2995, 34, 47),
(2996, 34, 110),
(2997, 34, 48),
(2998, 34, 111),
(2999, 34, 49),
(3000, 34, 112),
(3001, 34, 50),
(3002, 34, 113),
(3003, 34, 51),
(3004, 34, 114),
(3005, 34, 52),
(3006, 34, 115),
(3007, 35, 9),
(3008, 35, 72),
(3009, 35, 10),
(3010, 35, 73),
(3011, 35, 11),
(3012, 35, 74),
(3013, 35, 12),
(3014, 35, 75),
(3015, 35, 13),
(3016, 35, 76),
(3017, 35, 14),
(3018, 35, 77),
(3019, 35, 15),
(3020, 35, 78),
(3021, 35, 16),
(3022, 35, 79),
(3023, 35, 17),
(3024, 35, 80),
(3025, 35, 18),
(3026, 35, 81),
(3027, 35, 19),
(3028, 35, 82),
(3029, 35, 20),
(3030, 35, 83),
(3031, 35, 21),
(3032, 35, 84),
(3033, 35, 22),
(3034, 35, 85),
(3035, 35, 23),
(3036, 35, 86),
(3037, 35, 24),
(3038, 35, 87),
(3039, 35, 25),
(3040, 35, 88),
(3041, 35, 26),
(3042, 35, 89),
(3043, 35, 27),
(3044, 35, 90),
(3045, 35, 28),
(3046, 35, 91),
(3047, 35, 29),
(3048, 35, 92),
(3049, 35, 30),
(3050, 35, 93),
(3051, 35, 31),
(3052, 35, 94),
(3053, 35, 32),
(3054, 35, 95),
(3055, 35, 33),
(3056, 35, 96),
(3057, 35, 34),
(3058, 35, 97),
(3059, 35, 35),
(3060, 35, 98),
(3061, 35, 36),
(3062, 35, 99),
(3063, 35, 37),
(3064, 35, 100),
(3065, 35, 38),
(3066, 35, 101),
(3067, 35, 39),
(3068, 35, 102),
(3069, 35, 40),
(3070, 35, 103),
(3071, 35, 41),
(3072, 35, 104),
(3073, 35, 42),
(3074, 35, 105),
(3075, 35, 43),
(3076, 35, 106),
(3077, 35, 44),
(3078, 35, 107),
(3079, 35, 45),
(3080, 35, 108),
(3081, 35, 46),
(3082, 35, 109),
(3083, 35, 47),
(3084, 35, 110),
(3085, 35, 48),
(3086, 35, 111),
(3087, 35, 49),
(3088, 35, 112),
(3089, 35, 50),
(3090, 35, 113),
(3091, 35, 51),
(3092, 35, 114),
(3093, 35, 52),
(3094, 35, 115),
(3095, 36, 9),
(3096, 36, 72),
(3097, 36, 10),
(3098, 36, 73),
(3099, 36, 11),
(3100, 36, 74),
(3101, 36, 12),
(3102, 36, 75),
(3103, 36, 13),
(3104, 36, 76),
(3105, 36, 14),
(3106, 36, 77),
(3107, 36, 15),
(3108, 36, 78),
(3109, 36, 16),
(3110, 36, 79),
(3111, 36, 17),
(3112, 36, 80),
(3113, 36, 18),
(3114, 36, 81),
(3115, 36, 19),
(3116, 36, 82),
(3117, 36, 20),
(3118, 36, 83),
(3119, 36, 21),
(3120, 36, 84),
(3121, 36, 22),
(3122, 36, 85),
(3123, 36, 23),
(3124, 36, 86),
(3125, 36, 24),
(3126, 36, 87),
(3127, 36, 25),
(3128, 36, 88),
(3129, 36, 26),
(3130, 36, 89),
(3131, 36, 27),
(3132, 36, 90),
(3133, 36, 28),
(3134, 36, 91),
(3135, 36, 29),
(3136, 36, 92),
(3137, 36, 30),
(3138, 36, 93),
(3139, 36, 31),
(3140, 36, 94),
(3141, 36, 32),
(3142, 36, 95),
(3143, 36, 33),
(3144, 36, 96),
(3145, 36, 34),
(3146, 36, 97),
(3147, 36, 35),
(3148, 36, 98),
(3149, 36, 36),
(3150, 36, 99),
(3151, 36, 37),
(3152, 36, 100),
(3153, 36, 38),
(3154, 36, 101),
(3155, 36, 39),
(3156, 36, 102),
(3157, 36, 40),
(3158, 36, 103),
(3159, 36, 41),
(3160, 36, 104),
(3161, 36, 42),
(3162, 36, 105),
(3163, 36, 43),
(3164, 36, 106),
(3165, 36, 44),
(3166, 36, 107),
(3167, 36, 45),
(3168, 36, 108),
(3169, 36, 46),
(3170, 36, 109),
(3171, 36, 47),
(3172, 36, 110),
(3173, 36, 48),
(3174, 36, 111),
(3175, 36, 49),
(3176, 36, 112),
(3177, 36, 50),
(3178, 36, 113),
(3179, 36, 51),
(3180, 36, 114),
(3181, 36, 52),
(3182, 36, 115),
(3183, 37, 9),
(3184, 37, 72),
(3185, 37, 10),
(3186, 37, 73),
(3187, 37, 11),
(3188, 37, 74),
(3189, 37, 12),
(3190, 37, 75),
(3191, 37, 13),
(3192, 37, 76),
(3193, 37, 14),
(3194, 37, 77),
(3195, 37, 15),
(3196, 37, 78),
(3197, 37, 16),
(3198, 37, 79),
(3199, 37, 17),
(3200, 37, 80),
(3201, 37, 18),
(3202, 37, 81),
(3203, 37, 19),
(3204, 37, 82),
(3205, 37, 20),
(3206, 37, 83),
(3207, 37, 21),
(3208, 37, 84),
(3209, 37, 22),
(3210, 37, 85),
(3211, 37, 23),
(3212, 37, 86),
(3213, 37, 24),
(3214, 37, 87),
(3215, 37, 25),
(3216, 37, 88),
(3217, 37, 26),
(3218, 37, 89),
(3219, 37, 27),
(3220, 37, 90),
(3221, 37, 28),
(3222, 37, 91),
(3223, 37, 29),
(3224, 37, 92),
(3225, 37, 30),
(3226, 37, 93),
(3227, 37, 31),
(3228, 37, 94),
(3229, 37, 32),
(3230, 37, 95),
(3231, 37, 33),
(3232, 37, 96),
(3233, 37, 34),
(3234, 37, 97),
(3235, 37, 35),
(3236, 37, 98),
(3237, 37, 36),
(3238, 37, 99),
(3239, 37, 37),
(3240, 37, 100),
(3241, 37, 38),
(3242, 37, 101),
(3243, 37, 39),
(3244, 37, 102),
(3245, 37, 40),
(3246, 37, 103),
(3247, 37, 41),
(3248, 37, 104),
(3249, 37, 42),
(3250, 37, 105),
(3251, 37, 43),
(3252, 37, 106),
(3253, 37, 44),
(3254, 37, 107),
(3255, 37, 45),
(3256, 37, 108),
(3257, 37, 46),
(3258, 37, 109),
(3259, 37, 47),
(3260, 37, 110),
(3261, 37, 48),
(3262, 37, 111),
(3263, 37, 49),
(3264, 37, 112),
(3265, 37, 50),
(3266, 37, 113),
(3267, 37, 51),
(3268, 37, 114),
(3269, 37, 52),
(3270, 37, 115),
(3271, 38, 9),
(3272, 38, 72),
(3273, 38, 10),
(3274, 38, 73),
(3275, 38, 11),
(3276, 38, 74),
(3277, 38, 12),
(3278, 38, 75),
(3279, 38, 13),
(3280, 38, 76),
(3281, 38, 14),
(3282, 38, 77),
(3283, 38, 15),
(3284, 38, 78),
(3285, 38, 16),
(3286, 38, 79),
(3287, 38, 17),
(3288, 38, 80),
(3289, 38, 18),
(3290, 38, 81),
(3291, 38, 19),
(3292, 38, 82),
(3293, 38, 20),
(3294, 38, 83),
(3295, 38, 21),
(3296, 38, 84),
(3297, 38, 22),
(3298, 38, 85),
(3299, 38, 23),
(3300, 38, 86),
(3301, 38, 24),
(3302, 38, 87),
(3303, 38, 25),
(3304, 38, 88),
(3305, 38, 26),
(3306, 38, 89),
(3307, 38, 27),
(3308, 38, 90),
(3309, 38, 28),
(3310, 38, 91),
(3311, 38, 29),
(3312, 38, 92),
(3313, 38, 30),
(3314, 38, 93),
(3315, 38, 31),
(3316, 38, 94),
(3317, 38, 32),
(3318, 38, 95),
(3319, 38, 33),
(3320, 38, 96),
(3321, 38, 34),
(3322, 38, 97),
(3323, 38, 35),
(3324, 38, 98),
(3325, 38, 36),
(3326, 38, 99),
(3327, 38, 37),
(3328, 38, 100),
(3329, 38, 38),
(3330, 38, 101),
(3331, 38, 39),
(3332, 38, 102),
(3333, 38, 40),
(3334, 38, 103),
(3335, 38, 41),
(3336, 38, 104),
(3337, 38, 42),
(3338, 38, 105),
(3339, 38, 43),
(3340, 38, 106),
(3341, 38, 44),
(3342, 38, 107),
(3343, 38, 45),
(3344, 38, 108),
(3345, 38, 46),
(3346, 38, 109),
(3347, 38, 47),
(3348, 38, 110),
(3349, 38, 48),
(3350, 38, 111),
(3351, 38, 49),
(3352, 38, 112),
(3353, 38, 50),
(3354, 38, 113),
(3355, 38, 51),
(3356, 38, 114),
(3357, 38, 52),
(3358, 38, 115),
(3359, 39, 9),
(3360, 39, 72),
(3361, 39, 10),
(3362, 39, 73),
(3363, 39, 11),
(3364, 39, 74),
(3365, 39, 12),
(3366, 39, 75),
(3367, 39, 13),
(3368, 39, 76),
(3369, 39, 14),
(3370, 39, 77),
(3371, 39, 15),
(3372, 39, 78),
(3373, 39, 16),
(3374, 39, 79),
(3375, 39, 17),
(3376, 39, 80),
(3377, 39, 18),
(3378, 39, 81),
(3379, 39, 19),
(3380, 39, 82),
(3381, 39, 20),
(3382, 39, 83),
(3383, 39, 21),
(3384, 39, 84),
(3385, 39, 22),
(3386, 39, 85),
(3387, 39, 23),
(3388, 39, 86),
(3389, 39, 24),
(3390, 39, 87),
(3391, 39, 25),
(3392, 39, 88),
(3393, 39, 26),
(3394, 39, 89),
(3395, 39, 27),
(3396, 39, 90),
(3397, 39, 28),
(3398, 39, 91),
(3399, 39, 29),
(3400, 39, 92),
(3401, 39, 30),
(3402, 39, 93),
(3403, 39, 31),
(3404, 39, 94),
(3405, 39, 32),
(3406, 39, 95),
(3407, 39, 33),
(3408, 39, 96),
(3409, 39, 34),
(3410, 39, 97),
(3411, 39, 35),
(3412, 39, 98),
(3413, 39, 36),
(3414, 39, 99),
(3415, 39, 37),
(3416, 39, 100),
(3417, 39, 38),
(3418, 39, 101),
(3419, 39, 39),
(3420, 39, 102),
(3421, 39, 40),
(3422, 39, 103),
(3423, 39, 41),
(3424, 39, 104),
(3425, 39, 42),
(3426, 39, 105),
(3427, 39, 43),
(3428, 39, 106),
(3429, 39, 44),
(3430, 39, 107),
(3431, 39, 45),
(3432, 39, 108),
(3433, 39, 46),
(3434, 39, 109),
(3435, 39, 47),
(3436, 39, 110),
(3437, 39, 48),
(3438, 39, 111),
(3439, 39, 49),
(3440, 39, 112),
(3441, 39, 50),
(3442, 39, 113),
(3443, 39, 51),
(3444, 39, 114),
(3445, 39, 52),
(3446, 39, 115),
(3447, 40, 9),
(3448, 40, 72),
(3449, 40, 10),
(3450, 40, 73),
(3451, 40, 11),
(3452, 40, 74),
(3453, 40, 12),
(3454, 40, 75),
(3455, 40, 13),
(3456, 40, 76),
(3457, 40, 14),
(3458, 40, 77),
(3459, 40, 15),
(3460, 40, 78),
(3461, 40, 16),
(3462, 40, 79),
(3463, 40, 17),
(3464, 40, 80),
(3465, 40, 18),
(3466, 40, 81),
(3467, 40, 19),
(3468, 40, 82),
(3469, 40, 20),
(3470, 40, 83),
(3471, 40, 21),
(3472, 40, 84),
(3473, 40, 22),
(3474, 40, 85),
(3475, 40, 23),
(3476, 40, 86),
(3477, 40, 24),
(3478, 40, 87),
(3479, 40, 25),
(3480, 40, 88),
(3481, 40, 26),
(3482, 40, 89),
(3483, 40, 27),
(3484, 40, 90),
(3485, 40, 28),
(3486, 40, 91),
(3487, 40, 29),
(3488, 40, 92),
(3489, 40, 30),
(3490, 40, 93),
(3491, 40, 31),
(3492, 40, 94),
(3493, 40, 32),
(3494, 40, 95),
(3495, 40, 33),
(3496, 40, 96),
(3497, 40, 34),
(3498, 40, 97),
(3499, 40, 35),
(3500, 40, 98),
(3501, 40, 36),
(3502, 40, 99),
(3503, 40, 37),
(3504, 40, 100),
(3505, 40, 38),
(3506, 40, 101),
(3507, 40, 39),
(3508, 40, 102),
(3509, 40, 40),
(3510, 40, 103),
(3511, 40, 41),
(3512, 40, 104),
(3513, 40, 42),
(3514, 40, 105),
(3515, 40, 43),
(3516, 40, 106),
(3517, 40, 44),
(3518, 40, 107),
(3519, 40, 45),
(3520, 40, 108),
(3521, 40, 46),
(3522, 40, 109),
(3523, 40, 47),
(3524, 40, 110),
(3525, 40, 48),
(3526, 40, 111),
(3527, 40, 49),
(3528, 40, 112),
(3529, 40, 50),
(3530, 40, 113),
(3531, 40, 51),
(3532, 40, 114),
(3533, 40, 52),
(3534, 40, 115),
(3535, 41, 9),
(3536, 41, 72),
(3537, 41, 10),
(3538, 41, 73),
(3539, 41, 11),
(3540, 41, 74),
(3541, 41, 12),
(3542, 41, 75),
(3543, 41, 13),
(3544, 41, 76),
(3545, 41, 14),
(3546, 41, 77),
(3547, 41, 15),
(3548, 41, 78),
(3549, 41, 16),
(3550, 41, 79),
(3551, 41, 17),
(3552, 41, 80),
(3553, 41, 18),
(3554, 41, 81),
(3555, 41, 19),
(3556, 41, 82),
(3557, 41, 20),
(3558, 41, 83),
(3559, 41, 21),
(3560, 41, 84),
(3561, 41, 22),
(3562, 41, 85),
(3563, 41, 23),
(3564, 41, 86),
(3565, 41, 24),
(3566, 41, 87),
(3567, 41, 25),
(3568, 41, 88),
(3569, 41, 26),
(3570, 41, 89),
(3571, 41, 27),
(3572, 41, 90),
(3573, 41, 28),
(3574, 41, 91),
(3575, 41, 29),
(3576, 41, 92),
(3577, 41, 30),
(3578, 41, 93),
(3579, 41, 31),
(3580, 41, 94),
(3581, 41, 32),
(3582, 41, 95),
(3583, 41, 33),
(3584, 41, 96),
(3585, 41, 34),
(3586, 41, 97),
(3587, 41, 35),
(3588, 41, 98),
(3589, 41, 36),
(3590, 41, 99),
(3591, 41, 37),
(3592, 41, 100),
(3593, 41, 38),
(3594, 41, 101),
(3595, 41, 39),
(3596, 41, 102),
(3597, 41, 40),
(3598, 41, 103),
(3599, 41, 41),
(3600, 41, 104),
(3601, 41, 42),
(3602, 41, 105),
(3603, 41, 43),
(3604, 41, 106),
(3605, 41, 44),
(3606, 41, 107),
(3607, 41, 45),
(3608, 41, 108),
(3609, 41, 46),
(3610, 41, 109),
(3611, 41, 47),
(3612, 41, 110),
(3613, 41, 48),
(3614, 41, 111),
(3615, 41, 49),
(3616, 41, 112),
(3617, 41, 50),
(3618, 41, 113),
(3619, 41, 51),
(3620, 41, 114),
(3621, 41, 52),
(3622, 41, 115),
(3623, 42, 9),
(3624, 42, 72),
(3625, 42, 10),
(3626, 42, 73),
(3627, 42, 11),
(3628, 42, 74),
(3629, 42, 12),
(3630, 42, 75),
(3631, 42, 13),
(3632, 42, 76),
(3633, 42, 14),
(3634, 42, 77),
(3635, 42, 15),
(3636, 42, 78),
(3637, 42, 16),
(3638, 42, 79),
(3639, 42, 17),
(3640, 42, 80),
(3641, 42, 18),
(3642, 42, 81),
(3643, 42, 19),
(3644, 42, 82),
(3645, 42, 20),
(3646, 42, 83),
(3647, 42, 21),
(3648, 42, 84),
(3649, 42, 22),
(3650, 42, 85),
(3651, 42, 23),
(3652, 42, 86),
(3653, 42, 24),
(3654, 42, 87),
(3655, 42, 25),
(3656, 42, 88),
(3657, 42, 26),
(3658, 42, 89),
(3659, 42, 27),
(3660, 42, 90),
(3661, 42, 28),
(3662, 42, 91),
(3663, 42, 29),
(3664, 42, 92),
(3665, 42, 30),
(3666, 42, 93),
(3667, 42, 31),
(3668, 42, 94);
INSERT INTO `tblcoursestudent` (`courseStudentID`, `courseID`, `studentID`) VALUES
(3669, 42, 32),
(3670, 42, 95),
(3671, 42, 33),
(3672, 42, 96),
(3673, 42, 34),
(3674, 42, 97),
(3675, 42, 35),
(3676, 42, 98),
(3677, 42, 36),
(3678, 42, 99),
(3679, 42, 37),
(3680, 42, 100),
(3681, 42, 38),
(3682, 42, 101),
(3683, 42, 39),
(3684, 42, 102),
(3685, 42, 40),
(3686, 42, 103),
(3687, 42, 41),
(3688, 42, 104),
(3689, 42, 42),
(3690, 42, 105),
(3691, 42, 43),
(3692, 42, 106),
(3693, 42, 44),
(3694, 42, 107),
(3695, 42, 45),
(3696, 42, 108),
(3697, 42, 46),
(3698, 42, 109),
(3699, 42, 47),
(3700, 42, 110),
(3701, 42, 48),
(3702, 42, 111),
(3703, 42, 49),
(3704, 42, 112),
(3705, 42, 50),
(3706, 42, 113),
(3707, 42, 51),
(3708, 42, 114),
(3709, 42, 52),
(3710, 42, 115),
(3711, 43, 9),
(3712, 43, 72),
(3713, 43, 10),
(3714, 43, 73),
(3715, 43, 11),
(3716, 43, 74),
(3717, 43, 12),
(3718, 43, 75),
(3719, 43, 13),
(3720, 43, 76),
(3721, 43, 14),
(3722, 43, 77),
(3723, 43, 15),
(3724, 43, 78),
(3725, 43, 16),
(3726, 43, 79),
(3727, 43, 17),
(3728, 43, 80),
(3729, 43, 18),
(3730, 43, 81),
(3731, 43, 19),
(3732, 43, 82),
(3733, 43, 20),
(3734, 43, 83),
(3735, 43, 21),
(3736, 43, 84),
(3737, 43, 22),
(3738, 43, 85),
(3739, 43, 23),
(3740, 43, 86),
(3741, 43, 24),
(3742, 43, 87),
(3743, 43, 25),
(3744, 43, 88),
(3745, 43, 26),
(3746, 43, 89),
(3747, 43, 27),
(3748, 43, 90),
(3749, 43, 28),
(3750, 43, 91),
(3751, 43, 29),
(3752, 43, 92),
(3753, 43, 30),
(3754, 43, 93),
(3755, 43, 31),
(3756, 43, 94),
(3757, 43, 32),
(3758, 43, 95),
(3759, 43, 33),
(3760, 43, 96),
(3761, 43, 34),
(3762, 43, 97),
(3763, 43, 35),
(3764, 43, 98),
(3765, 43, 36),
(3766, 43, 99),
(3767, 43, 37),
(3768, 43, 100),
(3769, 43, 38),
(3770, 43, 101),
(3771, 43, 39),
(3772, 43, 102),
(3773, 43, 40),
(3774, 43, 103),
(3775, 43, 41),
(3776, 43, 104),
(3777, 43, 42),
(3778, 43, 105),
(3779, 43, 43),
(3780, 43, 106),
(3781, 43, 44),
(3782, 43, 107),
(3783, 43, 45),
(3784, 43, 108),
(3785, 43, 46),
(3786, 43, 109),
(3787, 43, 47),
(3788, 43, 110),
(3789, 43, 48),
(3790, 43, 111),
(3791, 43, 49),
(3792, 43, 112),
(3793, 43, 50),
(3794, 43, 113),
(3795, 43, 51),
(3796, 43, 114),
(3797, 43, 52),
(3798, 43, 115),
(3799, 44, 9),
(3800, 44, 72),
(3801, 44, 10),
(3802, 44, 73),
(3803, 44, 11),
(3804, 44, 74),
(3805, 44, 12),
(3806, 44, 75),
(3807, 44, 13),
(3808, 44, 76),
(3809, 44, 14),
(3810, 44, 77),
(3811, 44, 15),
(3812, 44, 78),
(3813, 44, 16),
(3814, 44, 79),
(3815, 44, 17),
(3816, 44, 80),
(3817, 44, 18),
(3818, 44, 81),
(3819, 44, 19),
(3820, 44, 82),
(3821, 44, 20),
(3822, 44, 83),
(3823, 44, 21),
(3824, 44, 84),
(3825, 44, 22),
(3826, 44, 85),
(3827, 44, 23),
(3828, 44, 86),
(3829, 44, 24),
(3830, 44, 87),
(3831, 44, 25),
(3832, 44, 88),
(3833, 44, 26),
(3834, 44, 89),
(3835, 44, 27),
(3836, 44, 90),
(3837, 44, 28),
(3838, 44, 91),
(3839, 44, 29),
(3840, 44, 92),
(3841, 44, 30),
(3842, 44, 93),
(3843, 44, 31),
(3844, 44, 94),
(3845, 44, 32),
(3846, 44, 95),
(3847, 44, 33),
(3848, 44, 96),
(3849, 44, 34),
(3850, 44, 97),
(3851, 44, 35),
(3852, 44, 98),
(3853, 44, 36),
(3854, 44, 99),
(3855, 44, 37),
(3856, 44, 100),
(3857, 44, 38),
(3858, 44, 101),
(3859, 44, 39),
(3860, 44, 102),
(3861, 44, 40),
(3862, 44, 103),
(3863, 44, 41),
(3864, 44, 104),
(3865, 44, 42),
(3866, 44, 105),
(3867, 44, 43),
(3868, 44, 106),
(3869, 44, 44),
(3870, 44, 107),
(3871, 44, 45),
(3872, 44, 108),
(3873, 44, 46),
(3874, 44, 109),
(3875, 44, 47),
(3876, 44, 110),
(3877, 44, 48),
(3878, 44, 111),
(3879, 44, 49),
(3880, 44, 112),
(3881, 44, 50),
(3882, 44, 113),
(3883, 44, 51),
(3884, 44, 114),
(3885, 44, 52),
(3886, 44, 115),
(3887, 45, 9),
(3888, 45, 72),
(3889, 45, 10),
(3890, 45, 73),
(3891, 45, 11),
(3892, 45, 74),
(3893, 45, 12),
(3894, 45, 75),
(3895, 45, 13),
(3896, 45, 76),
(3897, 45, 14),
(3898, 45, 77),
(3899, 45, 15),
(3900, 45, 78),
(3901, 45, 16),
(3902, 45, 79),
(3903, 45, 17),
(3904, 45, 80),
(3905, 45, 18),
(3906, 45, 81),
(3907, 45, 19),
(3908, 45, 82),
(3909, 45, 20),
(3910, 45, 83),
(3911, 45, 21),
(3912, 45, 84),
(3913, 45, 22),
(3914, 45, 85),
(3915, 45, 23),
(3916, 45, 86),
(3917, 45, 24),
(3918, 45, 87),
(3919, 45, 25),
(3920, 45, 88),
(3921, 45, 26),
(3922, 45, 89),
(3923, 45, 27),
(3924, 45, 90),
(3925, 45, 28),
(3926, 45, 91),
(3927, 45, 29),
(3928, 45, 92),
(3929, 45, 30),
(3930, 45, 93),
(3931, 45, 31),
(3932, 45, 94),
(3933, 45, 32),
(3934, 45, 95),
(3935, 45, 33),
(3936, 45, 96),
(3937, 45, 34),
(3938, 45, 97),
(3939, 45, 35),
(3940, 45, 98),
(3941, 45, 36),
(3942, 45, 99),
(3943, 45, 37),
(3944, 45, 100),
(3945, 45, 38),
(3946, 45, 101),
(3947, 45, 39),
(3948, 45, 102),
(3949, 45, 40),
(3950, 45, 103),
(3951, 45, 41),
(3952, 45, 104),
(3953, 45, 42),
(3954, 45, 105),
(3955, 45, 43),
(3956, 45, 106),
(3957, 45, 44),
(3958, 45, 107),
(3959, 45, 45),
(3960, 45, 108),
(3961, 45, 46),
(3962, 45, 109),
(3963, 45, 47),
(3964, 45, 110),
(3965, 45, 48),
(3966, 45, 111),
(3967, 45, 49),
(3968, 45, 112),
(3969, 45, 50),
(3970, 45, 113),
(3971, 45, 51),
(3972, 45, 114),
(3973, 45, 52),
(3974, 45, 115),
(3975, 46, 9),
(3976, 46, 72),
(3977, 46, 10),
(3978, 46, 73),
(3979, 46, 11),
(3980, 46, 74),
(3981, 46, 12),
(3982, 46, 75),
(3983, 46, 13),
(3984, 46, 76),
(3985, 46, 14),
(3986, 46, 77),
(3987, 46, 15),
(3988, 46, 78),
(3989, 46, 16),
(3990, 46, 79),
(3991, 46, 17),
(3992, 46, 80),
(3993, 46, 18),
(3994, 46, 81),
(3995, 46, 19),
(3996, 46, 82),
(3997, 46, 20),
(3998, 46, 83),
(3999, 46, 21),
(4000, 46, 84),
(4001, 46, 22),
(4002, 46, 85),
(4003, 46, 23),
(4004, 46, 86),
(4005, 46, 24),
(4006, 46, 87),
(4007, 46, 25),
(4008, 46, 88),
(4009, 46, 26),
(4010, 46, 89),
(4011, 46, 27),
(4012, 46, 90),
(4013, 46, 28),
(4014, 46, 91),
(4015, 46, 29),
(4016, 46, 92),
(4017, 46, 30),
(4018, 46, 93),
(4019, 46, 31),
(4020, 46, 94),
(4021, 46, 32),
(4022, 46, 95),
(4023, 46, 33),
(4024, 46, 96),
(4025, 46, 34),
(4026, 46, 97),
(4027, 46, 35),
(4028, 46, 98),
(4029, 46, 36),
(4030, 46, 99),
(4031, 46, 37),
(4032, 46, 100),
(4033, 46, 38),
(4034, 46, 101),
(4035, 46, 39),
(4036, 46, 102),
(4037, 46, 40),
(4038, 46, 103),
(4039, 46, 41),
(4040, 46, 104),
(4041, 46, 42),
(4042, 46, 105),
(4043, 46, 43),
(4044, 46, 106),
(4045, 46, 44),
(4046, 46, 107),
(4047, 46, 45),
(4048, 46, 108),
(4049, 46, 46),
(4050, 46, 109),
(4051, 46, 47),
(4052, 46, 110),
(4053, 46, 48),
(4054, 46, 111),
(4055, 46, 49),
(4056, 46, 112),
(4057, 46, 50),
(4058, 46, 113),
(4059, 46, 51),
(4060, 46, 114),
(4061, 46, 52),
(4062, 46, 115),
(4063, 47, 9),
(4064, 47, 72),
(4065, 47, 10),
(4066, 47, 73),
(4067, 47, 11),
(4068, 47, 74),
(4069, 47, 12),
(4070, 47, 75),
(4071, 47, 13),
(4072, 47, 76),
(4073, 47, 14),
(4074, 47, 77),
(4075, 47, 15),
(4076, 47, 78),
(4077, 47, 16),
(4078, 47, 79),
(4079, 47, 17),
(4080, 47, 80),
(4081, 47, 18),
(4082, 47, 81),
(4083, 47, 19),
(4084, 47, 82),
(4085, 47, 20),
(4086, 47, 83),
(4087, 47, 21),
(4088, 47, 84),
(4089, 47, 22),
(4090, 47, 85),
(4091, 47, 23),
(4092, 47, 86),
(4093, 47, 24),
(4094, 47, 87),
(4095, 47, 25),
(4096, 47, 88),
(4097, 47, 26),
(4098, 47, 89),
(4099, 47, 27),
(4100, 47, 90),
(4101, 47, 28),
(4102, 47, 91),
(4103, 47, 29),
(4104, 47, 92),
(4105, 47, 30),
(4106, 47, 93),
(4107, 47, 31),
(4108, 47, 94),
(4109, 47, 32),
(4110, 47, 95),
(4111, 47, 33),
(4112, 47, 96),
(4113, 47, 34),
(4114, 47, 97),
(4115, 47, 35),
(4116, 47, 98),
(4117, 47, 36),
(4118, 47, 99),
(4119, 47, 37),
(4120, 47, 100),
(4121, 47, 38),
(4122, 47, 101),
(4123, 47, 39),
(4124, 47, 102),
(4125, 47, 40),
(4126, 47, 103),
(4127, 47, 41),
(4128, 47, 104),
(4129, 47, 42),
(4130, 47, 105),
(4131, 47, 43),
(4132, 47, 106),
(4133, 47, 44),
(4134, 47, 107),
(4135, 47, 45),
(4136, 47, 108),
(4137, 47, 46),
(4138, 47, 109),
(4139, 47, 47),
(4140, 47, 110),
(4141, 47, 48),
(4142, 47, 111),
(4143, 47, 49),
(4144, 47, 112),
(4145, 47, 50),
(4146, 47, 113),
(4147, 47, 51),
(4148, 47, 114),
(4149, 47, 52),
(4150, 47, 115),
(4151, 48, 9),
(4152, 48, 72),
(4153, 48, 10),
(4154, 48, 73),
(4155, 48, 11),
(4156, 48, 74),
(4157, 48, 12),
(4158, 48, 75),
(4159, 48, 13),
(4160, 48, 76),
(4161, 48, 14),
(4162, 48, 77),
(4163, 48, 15),
(4164, 48, 78),
(4165, 48, 16),
(4166, 48, 79),
(4167, 48, 17),
(4168, 48, 80),
(4169, 48, 18),
(4170, 48, 81),
(4171, 48, 19),
(4172, 48, 82),
(4173, 48, 20),
(4174, 48, 83),
(4175, 48, 21),
(4176, 48, 84),
(4177, 48, 22),
(4178, 48, 85),
(4179, 48, 23),
(4180, 48, 86),
(4181, 48, 24),
(4182, 48, 87),
(4183, 48, 25),
(4184, 48, 88),
(4185, 48, 26),
(4186, 48, 89),
(4187, 48, 27),
(4188, 48, 90),
(4189, 48, 28),
(4190, 48, 91),
(4191, 48, 29),
(4192, 48, 92),
(4193, 48, 30),
(4194, 48, 93),
(4195, 48, 31),
(4196, 48, 94),
(4197, 48, 32),
(4198, 48, 95),
(4199, 48, 33),
(4200, 48, 96),
(4201, 48, 34),
(4202, 48, 97),
(4203, 48, 35),
(4204, 48, 98),
(4205, 48, 36),
(4206, 48, 99),
(4207, 48, 37),
(4208, 48, 100),
(4209, 48, 38),
(4210, 48, 101),
(4211, 48, 39),
(4212, 48, 102),
(4213, 48, 40),
(4214, 48, 103),
(4215, 48, 41),
(4216, 48, 104),
(4217, 48, 42),
(4218, 48, 105),
(4219, 48, 43),
(4220, 48, 106),
(4221, 48, 44),
(4222, 48, 107),
(4223, 48, 45),
(4224, 48, 108),
(4225, 48, 46),
(4226, 48, 109),
(4227, 48, 47),
(4228, 48, 110),
(4229, 48, 48),
(4230, 48, 111),
(4231, 48, 49),
(4232, 48, 112),
(4233, 48, 50),
(4234, 48, 113),
(4235, 48, 51),
(4236, 48, 114),
(4237, 48, 52),
(4238, 48, 115),
(4239, 49, 9),
(4240, 49, 72),
(4241, 49, 10),
(4242, 49, 73),
(4243, 49, 11),
(4244, 49, 74),
(4245, 49, 12),
(4246, 49, 75),
(4247, 49, 13),
(4248, 49, 76),
(4249, 49, 14),
(4250, 49, 77),
(4251, 49, 15),
(4252, 49, 78),
(4253, 49, 16),
(4254, 49, 79),
(4255, 49, 17),
(4256, 49, 80),
(4257, 49, 18),
(4258, 49, 81),
(4259, 49, 19),
(4260, 49, 82),
(4261, 49, 20),
(4262, 49, 83),
(4263, 49, 21),
(4264, 49, 84),
(4265, 49, 22),
(4266, 49, 85),
(4267, 49, 23),
(4268, 49, 86),
(4269, 49, 24),
(4270, 49, 87),
(4271, 49, 25),
(4272, 49, 88),
(4273, 49, 26),
(4274, 49, 89),
(4275, 49, 27),
(4276, 49, 90),
(4277, 49, 28),
(4278, 49, 91),
(4279, 49, 29),
(4280, 49, 92),
(4281, 49, 30),
(4282, 49, 93),
(4283, 49, 31),
(4284, 49, 94),
(4285, 49, 32),
(4286, 49, 95),
(4287, 49, 33),
(4288, 49, 96),
(4289, 49, 34),
(4290, 49, 97),
(4291, 49, 35),
(4292, 49, 98),
(4293, 49, 36),
(4294, 49, 99),
(4295, 49, 37),
(4296, 49, 100),
(4297, 49, 38),
(4298, 49, 101),
(4299, 49, 39),
(4300, 49, 102),
(4301, 49, 40),
(4302, 49, 103),
(4303, 49, 41),
(4304, 49, 104),
(4305, 49, 42),
(4306, 49, 105),
(4307, 49, 43),
(4308, 49, 106),
(4309, 49, 44),
(4310, 49, 107),
(4311, 49, 45),
(4312, 49, 108),
(4313, 49, 46),
(4314, 49, 109),
(4315, 49, 47),
(4316, 49, 110),
(4317, 49, 48),
(4318, 49, 111),
(4319, 49, 49),
(4320, 49, 112),
(4321, 49, 50),
(4322, 49, 113),
(4323, 49, 51),
(4324, 49, 114),
(4325, 49, 52),
(4326, 49, 115),
(4327, 50, 9),
(4328, 50, 72),
(4329, 50, 10),
(4330, 50, 73),
(4331, 50, 11),
(4332, 50, 74),
(4333, 50, 12),
(4334, 50, 75),
(4335, 50, 13),
(4336, 50, 76),
(4337, 50, 14),
(4338, 50, 77),
(4339, 50, 15),
(4340, 50, 78),
(4341, 50, 16),
(4342, 50, 79),
(4343, 50, 17),
(4344, 50, 80),
(4345, 50, 18),
(4346, 50, 81),
(4347, 50, 19),
(4348, 50, 82),
(4349, 50, 20),
(4350, 50, 83),
(4351, 50, 21),
(4352, 50, 84),
(4353, 50, 22),
(4354, 50, 85),
(4355, 50, 23),
(4356, 50, 86),
(4357, 50, 24),
(4358, 50, 87),
(4359, 50, 25),
(4360, 50, 88),
(4361, 50, 26),
(4362, 50, 89),
(4363, 50, 27),
(4364, 50, 90),
(4365, 50, 28),
(4366, 50, 91),
(4367, 50, 29),
(4368, 50, 92),
(4369, 50, 30),
(4370, 50, 93),
(4371, 50, 31),
(4372, 50, 94),
(4373, 50, 32),
(4374, 50, 95),
(4375, 50, 33),
(4376, 50, 96),
(4377, 50, 34),
(4378, 50, 97),
(4379, 50, 35),
(4380, 50, 98),
(4381, 50, 36),
(4382, 50, 99),
(4383, 50, 37),
(4384, 50, 100),
(4385, 50, 38),
(4386, 50, 101),
(4387, 50, 39),
(4388, 50, 102),
(4389, 50, 40),
(4390, 50, 103),
(4391, 50, 41),
(4392, 50, 104),
(4393, 50, 42),
(4394, 50, 105),
(4395, 50, 43),
(4396, 50, 106),
(4397, 50, 44),
(4398, 50, 107),
(4399, 50, 45),
(4400, 50, 108),
(4401, 50, 46),
(4402, 50, 109),
(4403, 50, 47),
(4404, 50, 110),
(4405, 50, 48),
(4406, 50, 111),
(4407, 50, 49),
(4408, 50, 112),
(4409, 50, 50),
(4410, 50, 113),
(4411, 50, 51),
(4412, 50, 114),
(4413, 50, 52),
(4414, 50, 115),
(4415, 51, 9),
(4416, 51, 72),
(4417, 51, 10),
(4418, 51, 73),
(4419, 51, 11),
(4420, 51, 74),
(4421, 51, 12),
(4422, 51, 75),
(4423, 51, 13),
(4424, 51, 76),
(4425, 51, 14),
(4426, 51, 77),
(4427, 51, 15),
(4428, 51, 78),
(4429, 51, 16),
(4430, 51, 79),
(4431, 51, 17),
(4432, 51, 80),
(4433, 51, 18),
(4434, 51, 81),
(4435, 51, 19),
(4436, 51, 82),
(4437, 51, 20),
(4438, 51, 83),
(4439, 51, 21),
(4440, 51, 84),
(4441, 51, 22),
(4442, 51, 85),
(4443, 51, 23),
(4444, 51, 86),
(4445, 51, 24),
(4446, 51, 87),
(4447, 51, 25),
(4448, 51, 88),
(4449, 51, 26),
(4450, 51, 89),
(4451, 51, 27),
(4452, 51, 90),
(4453, 51, 28),
(4454, 51, 91),
(4455, 51, 29),
(4456, 51, 92),
(4457, 51, 30),
(4458, 51, 93),
(4459, 51, 31),
(4460, 51, 94),
(4461, 51, 32),
(4462, 51, 95),
(4463, 51, 33),
(4464, 51, 96),
(4465, 51, 34),
(4466, 51, 97),
(4467, 51, 35),
(4468, 51, 98),
(4469, 51, 36),
(4470, 51, 99),
(4471, 51, 37),
(4472, 51, 100),
(4473, 51, 38),
(4474, 51, 101),
(4475, 51, 39),
(4476, 51, 102),
(4477, 51, 40),
(4478, 51, 103),
(4479, 51, 41),
(4480, 51, 104),
(4481, 51, 42),
(4482, 51, 105),
(4483, 51, 43),
(4484, 51, 106),
(4485, 51, 44),
(4486, 51, 107),
(4487, 51, 45),
(4488, 51, 108),
(4489, 51, 46),
(4490, 51, 109),
(4491, 51, 47),
(4492, 51, 110),
(4493, 51, 48),
(4494, 51, 111),
(4495, 51, 49),
(4496, 51, 112),
(4497, 51, 50),
(4498, 51, 113),
(4499, 51, 51),
(4500, 51, 114),
(4501, 51, 52),
(4502, 51, 115),
(4503, 52, 9),
(4504, 52, 72),
(4505, 52, 10),
(4506, 52, 73),
(4507, 52, 11),
(4508, 52, 74),
(4509, 52, 12),
(4510, 52, 75),
(4511, 52, 13),
(4512, 52, 76),
(4513, 52, 14),
(4514, 52, 77),
(4515, 52, 15),
(4516, 52, 78),
(4517, 52, 16),
(4518, 52, 79),
(4519, 52, 17),
(4520, 52, 80),
(4521, 52, 18),
(4522, 52, 81),
(4523, 52, 19),
(4524, 52, 82),
(4525, 52, 20),
(4526, 52, 83),
(4527, 52, 21),
(4528, 52, 84),
(4529, 52, 22),
(4530, 52, 85),
(4531, 52, 23),
(4532, 52, 86),
(4533, 52, 24),
(4534, 52, 87),
(4535, 52, 25),
(4536, 52, 88),
(4537, 52, 26),
(4538, 52, 89),
(4539, 52, 27),
(4540, 52, 90),
(4541, 52, 28),
(4542, 52, 91),
(4543, 52, 29),
(4544, 52, 92),
(4545, 52, 30),
(4546, 52, 93),
(4547, 52, 31),
(4548, 52, 94),
(4549, 52, 32),
(4550, 52, 95),
(4551, 52, 33),
(4552, 52, 96),
(4553, 52, 34),
(4554, 52, 97),
(4555, 52, 35),
(4556, 52, 98),
(4557, 52, 36),
(4558, 52, 99),
(4559, 52, 37),
(4560, 52, 100),
(4561, 52, 38),
(4562, 52, 101),
(4563, 52, 39),
(4564, 52, 102),
(4565, 52, 40),
(4566, 52, 103),
(4567, 52, 41),
(4568, 52, 104),
(4569, 52, 42),
(4570, 52, 105),
(4571, 52, 43),
(4572, 52, 106),
(4573, 52, 44),
(4574, 52, 107),
(4575, 52, 45),
(4576, 52, 108),
(4577, 52, 46),
(4578, 52, 109),
(4579, 52, 47),
(4580, 52, 110),
(4581, 52, 48),
(4582, 52, 111),
(4583, 52, 49),
(4584, 52, 112),
(4585, 52, 50),
(4586, 52, 113),
(4587, 52, 51),
(4588, 52, 114),
(4589, 52, 52),
(4590, 52, 115),
(4591, 53, 9),
(4592, 53, 72),
(4593, 53, 10),
(4594, 53, 73),
(4595, 53, 11),
(4596, 53, 74),
(4597, 53, 12),
(4598, 53, 75),
(4599, 53, 13),
(4600, 53, 76),
(4601, 53, 14),
(4602, 53, 77),
(4603, 53, 15),
(4604, 53, 78),
(4605, 53, 16),
(4606, 53, 79),
(4607, 53, 17),
(4608, 53, 80),
(4609, 53, 18),
(4610, 53, 81),
(4611, 53, 19),
(4612, 53, 82),
(4613, 53, 20),
(4614, 53, 83),
(4615, 53, 21),
(4616, 53, 84),
(4617, 53, 22),
(4618, 53, 85),
(4619, 53, 23),
(4620, 53, 86),
(4621, 53, 24),
(4622, 53, 87),
(4623, 53, 25),
(4624, 53, 88),
(4625, 53, 26),
(4626, 53, 89),
(4627, 53, 27),
(4628, 53, 90),
(4629, 53, 28),
(4630, 53, 91),
(4631, 53, 29),
(4632, 53, 92),
(4633, 53, 30),
(4634, 53, 93),
(4635, 53, 31),
(4636, 53, 94),
(4637, 53, 32),
(4638, 53, 95),
(4639, 53, 33),
(4640, 53, 96),
(4641, 53, 34),
(4642, 53, 97),
(4643, 53, 35),
(4644, 53, 98),
(4645, 53, 36),
(4646, 53, 99),
(4647, 53, 37),
(4648, 53, 100),
(4649, 53, 38),
(4650, 53, 101),
(4651, 53, 39),
(4652, 53, 102),
(4653, 53, 40),
(4654, 53, 103),
(4655, 53, 41),
(4656, 53, 104),
(4657, 53, 42),
(4658, 53, 105),
(4659, 53, 43),
(4660, 53, 106),
(4661, 53, 44),
(4662, 53, 107),
(4663, 53, 45),
(4664, 53, 108),
(4665, 53, 46),
(4666, 53, 109),
(4667, 53, 47),
(4668, 53, 110),
(4669, 53, 48),
(4670, 53, 111),
(4671, 53, 49),
(4672, 53, 112),
(4673, 53, 50),
(4674, 53, 113),
(4675, 53, 51),
(4676, 53, 114),
(4677, 53, 52),
(4678, 53, 115),
(4679, 54, 9),
(4680, 54, 72),
(4681, 54, 10),
(4682, 54, 73),
(4683, 54, 11),
(4684, 54, 74),
(4685, 54, 12),
(4686, 54, 75),
(4687, 54, 13),
(4688, 54, 76),
(4689, 54, 14),
(4690, 54, 77),
(4691, 54, 15),
(4692, 54, 78),
(4693, 54, 16),
(4694, 54, 79),
(4695, 54, 17),
(4696, 54, 80),
(4697, 54, 18),
(4698, 54, 81),
(4699, 54, 19),
(4700, 54, 82),
(4701, 54, 20),
(4702, 54, 83),
(4703, 54, 21),
(4704, 54, 84),
(4705, 54, 22),
(4706, 54, 85),
(4707, 54, 23),
(4708, 54, 86),
(4709, 54, 24),
(4710, 54, 87),
(4711, 54, 25),
(4712, 54, 88),
(4713, 54, 26),
(4714, 54, 89),
(4715, 54, 27),
(4716, 54, 90),
(4717, 54, 28),
(4718, 54, 91),
(4719, 54, 29),
(4720, 54, 92),
(4721, 54, 30),
(4722, 54, 93),
(4723, 54, 31),
(4724, 54, 94),
(4725, 54, 32),
(4726, 54, 95),
(4727, 54, 33),
(4728, 54, 96),
(4729, 54, 34),
(4730, 54, 97),
(4731, 54, 35),
(4732, 54, 98),
(4733, 54, 36),
(4734, 54, 99),
(4735, 54, 37),
(4736, 54, 100),
(4737, 54, 38),
(4738, 54, 101),
(4739, 54, 39),
(4740, 54, 102),
(4741, 54, 40),
(4742, 54, 103),
(4743, 54, 41),
(4744, 54, 104),
(4745, 54, 42),
(4746, 54, 105),
(4747, 54, 43),
(4748, 54, 106),
(4749, 54, 44),
(4750, 54, 107),
(4751, 54, 45),
(4752, 54, 108),
(4753, 54, 46),
(4754, 54, 109),
(4755, 54, 47),
(4756, 54, 110),
(4757, 54, 48),
(4758, 54, 111),
(4759, 54, 49),
(4760, 54, 112),
(4761, 54, 50),
(4762, 54, 113),
(4763, 54, 51),
(4764, 54, 114),
(4765, 54, 52),
(4766, 54, 115),
(4767, 55, 9),
(4768, 55, 72),
(4769, 55, 10),
(4770, 55, 73),
(4771, 55, 11),
(4772, 55, 74),
(4773, 55, 12),
(4774, 55, 75),
(4775, 55, 13),
(4776, 55, 76),
(4777, 55, 14),
(4778, 55, 77),
(4779, 55, 15),
(4780, 55, 78),
(4781, 55, 16),
(4782, 55, 79),
(4783, 55, 17),
(4784, 55, 80),
(4785, 55, 18),
(4786, 55, 81),
(4787, 55, 19),
(4788, 55, 82),
(4789, 55, 20),
(4790, 55, 83),
(4791, 55, 21),
(4792, 55, 84),
(4793, 55, 22),
(4794, 55, 85),
(4795, 55, 23),
(4796, 55, 86),
(4797, 55, 24),
(4798, 55, 87),
(4799, 55, 25),
(4800, 55, 88),
(4801, 55, 26),
(4802, 55, 89),
(4803, 55, 27),
(4804, 55, 90),
(4805, 55, 28),
(4806, 55, 91),
(4807, 55, 29),
(4808, 55, 92),
(4809, 55, 30),
(4810, 55, 93),
(4811, 55, 31),
(4812, 55, 94),
(4813, 55, 32),
(4814, 55, 95),
(4815, 55, 33),
(4816, 55, 96),
(4817, 55, 34),
(4818, 55, 97),
(4819, 55, 35),
(4820, 55, 98),
(4821, 55, 36),
(4822, 55, 99),
(4823, 55, 37),
(4824, 55, 100),
(4825, 55, 38),
(4826, 55, 101),
(4827, 55, 39),
(4828, 55, 102),
(4829, 55, 40),
(4830, 55, 103),
(4831, 55, 41),
(4832, 55, 104),
(4833, 55, 42),
(4834, 55, 105),
(4835, 55, 43),
(4836, 55, 106),
(4837, 55, 44),
(4838, 55, 107),
(4839, 55, 45),
(4840, 55, 108),
(4841, 55, 46),
(4842, 55, 109),
(4843, 55, 47),
(4844, 55, 110),
(4845, 55, 48),
(4846, 55, 111),
(4847, 55, 49),
(4848, 55, 112),
(4849, 55, 50),
(4850, 55, 113),
(4851, 55, 51),
(4852, 55, 114),
(4853, 55, 52),
(4854, 55, 115),
(4855, 56, 9),
(4856, 56, 72),
(4857, 56, 10),
(4858, 56, 73),
(4859, 56, 11),
(4860, 56, 74),
(4861, 56, 12),
(4862, 56, 75),
(4863, 56, 13),
(4864, 56, 76),
(4865, 56, 14),
(4866, 56, 77),
(4867, 56, 15),
(4868, 56, 78),
(4869, 56, 16),
(4870, 56, 79),
(4871, 56, 17),
(4872, 56, 80),
(4873, 56, 18),
(4874, 56, 81),
(4875, 56, 19),
(4876, 56, 82),
(4877, 56, 20),
(4878, 56, 83),
(4879, 56, 21),
(4880, 56, 84),
(4881, 56, 22),
(4882, 56, 85),
(4883, 56, 23),
(4884, 56, 86),
(4885, 56, 24),
(4886, 56, 87),
(4887, 56, 25),
(4888, 56, 88),
(4889, 56, 26),
(4890, 56, 89),
(4891, 56, 27),
(4892, 56, 90),
(4893, 56, 28),
(4894, 56, 91),
(4895, 56, 29),
(4896, 56, 92),
(4897, 56, 30),
(4898, 56, 93),
(4899, 56, 31),
(4900, 56, 94),
(4901, 56, 32),
(4902, 56, 95),
(4903, 56, 33),
(4904, 56, 96),
(4905, 56, 34),
(4906, 56, 97),
(4907, 56, 35),
(4908, 56, 98),
(4909, 56, 36),
(4910, 56, 99),
(4911, 56, 37),
(4912, 56, 100),
(4913, 56, 38),
(4914, 56, 101),
(4915, 56, 39),
(4916, 56, 102),
(4917, 56, 40),
(4918, 56, 103),
(4919, 56, 41),
(4920, 56, 104),
(4921, 56, 42),
(4922, 56, 105),
(4923, 56, 43),
(4924, 56, 106),
(4925, 56, 44),
(4926, 56, 107),
(4927, 56, 45),
(4928, 56, 108),
(4929, 56, 46),
(4930, 56, 109),
(4931, 56, 47),
(4932, 56, 110),
(4933, 56, 48),
(4934, 56, 111),
(4935, 56, 49),
(4936, 56, 112),
(4937, 56, 50),
(4938, 56, 113),
(4939, 56, 51),
(4940, 56, 114),
(4941, 56, 52),
(4942, 56, 115),
(4943, 57, 9),
(4944, 57, 72),
(4945, 57, 10),
(4946, 57, 73),
(4947, 57, 11),
(4948, 57, 74),
(4949, 57, 12),
(4950, 57, 75),
(4951, 57, 13),
(4952, 57, 76),
(4953, 57, 14),
(4954, 57, 77),
(4955, 57, 15),
(4956, 57, 78),
(4957, 57, 16),
(4958, 57, 79),
(4959, 57, 17),
(4960, 57, 80),
(4961, 57, 18),
(4962, 57, 81),
(4963, 57, 19),
(4964, 57, 82),
(4965, 57, 20),
(4966, 57, 83),
(4967, 57, 21),
(4968, 57, 84),
(4969, 57, 22),
(4970, 57, 85),
(4971, 57, 23),
(4972, 57, 86),
(4973, 57, 24),
(4974, 57, 87),
(4975, 57, 25),
(4976, 57, 88),
(4977, 57, 26),
(4978, 57, 89),
(4979, 57, 27),
(4980, 57, 90),
(4981, 57, 28),
(4982, 57, 91),
(4983, 57, 29),
(4984, 57, 92),
(4985, 57, 30),
(4986, 57, 93),
(4987, 57, 31),
(4988, 57, 94),
(4989, 57, 32),
(4990, 57, 95),
(4991, 57, 33),
(4992, 57, 96),
(4993, 57, 34),
(4994, 57, 97),
(4995, 57, 35),
(4996, 57, 98),
(4997, 57, 36),
(4998, 57, 99),
(4999, 57, 37),
(5000, 57, 100),
(5001, 57, 38),
(5002, 57, 101),
(5003, 57, 39),
(5004, 57, 102),
(5005, 57, 40),
(5006, 57, 103),
(5007, 57, 41),
(5008, 57, 104),
(5009, 57, 42),
(5010, 57, 105),
(5011, 57, 43),
(5012, 57, 106),
(5013, 57, 44),
(5014, 57, 107),
(5015, 57, 45),
(5016, 57, 108),
(5017, 57, 46),
(5018, 57, 109),
(5019, 57, 47),
(5020, 57, 110),
(5021, 57, 48),
(5022, 57, 111),
(5023, 57, 49),
(5024, 57, 112),
(5025, 57, 50),
(5026, 57, 113),
(5027, 57, 51),
(5028, 57, 114),
(5029, 57, 52),
(5030, 57, 115),
(5031, 58, 9),
(5032, 58, 72),
(5033, 58, 10),
(5034, 58, 73),
(5035, 58, 11),
(5036, 58, 74),
(5037, 58, 12),
(5038, 58, 75),
(5039, 58, 13),
(5040, 58, 76),
(5041, 58, 14),
(5042, 58, 77),
(5043, 58, 15),
(5044, 58, 78),
(5045, 58, 16),
(5046, 58, 79),
(5047, 58, 17),
(5048, 58, 80),
(5049, 58, 18),
(5050, 58, 81),
(5051, 58, 19),
(5052, 58, 82),
(5053, 58, 20),
(5054, 58, 83),
(5055, 58, 21),
(5056, 58, 84),
(5057, 58, 22),
(5058, 58, 85),
(5059, 58, 23),
(5060, 58, 86),
(5061, 58, 24),
(5062, 58, 87),
(5063, 58, 25),
(5064, 58, 88),
(5065, 58, 26),
(5066, 58, 89),
(5067, 58, 27),
(5068, 58, 90),
(5069, 58, 28),
(5070, 58, 91),
(5071, 58, 29),
(5072, 58, 92),
(5073, 58, 30),
(5074, 58, 93),
(5075, 58, 31),
(5076, 58, 94),
(5077, 58, 32),
(5078, 58, 95),
(5079, 58, 33),
(5080, 58, 96),
(5081, 58, 34),
(5082, 58, 97),
(5083, 58, 35),
(5084, 58, 98),
(5085, 58, 36),
(5086, 58, 99),
(5087, 58, 37),
(5088, 58, 100),
(5089, 58, 38),
(5090, 58, 101),
(5091, 58, 39),
(5092, 58, 102),
(5093, 58, 40),
(5094, 58, 103),
(5095, 58, 41),
(5096, 58, 104),
(5097, 58, 42),
(5098, 58, 105),
(5099, 58, 43),
(5100, 58, 106),
(5101, 58, 44),
(5102, 58, 107),
(5103, 58, 45),
(5104, 58, 108),
(5105, 58, 46),
(5106, 58, 109),
(5107, 58, 47),
(5108, 58, 110),
(5109, 58, 48),
(5110, 58, 111),
(5111, 58, 49),
(5112, 58, 112),
(5113, 58, 50),
(5114, 58, 113),
(5115, 58, 51),
(5116, 58, 114),
(5117, 58, 52),
(5118, 58, 115),
(5119, 59, 9),
(5120, 59, 72),
(5121, 59, 10),
(5122, 59, 73),
(5123, 59, 11),
(5124, 59, 74),
(5125, 59, 12),
(5126, 59, 75),
(5127, 59, 13),
(5128, 59, 76),
(5129, 59, 14),
(5130, 59, 77),
(5131, 59, 15),
(5132, 59, 78),
(5133, 59, 16),
(5134, 59, 79),
(5135, 59, 17),
(5136, 59, 80),
(5137, 59, 18),
(5138, 59, 81),
(5139, 59, 19),
(5140, 59, 82),
(5141, 59, 20),
(5142, 59, 83),
(5143, 59, 21),
(5144, 59, 84),
(5145, 59, 22),
(5146, 59, 85),
(5147, 59, 23),
(5148, 59, 86),
(5149, 59, 24),
(5150, 59, 87),
(5151, 59, 25),
(5152, 59, 88),
(5153, 59, 26),
(5154, 59, 89),
(5155, 59, 27),
(5156, 59, 90),
(5157, 59, 28),
(5158, 59, 91),
(5159, 59, 29),
(5160, 59, 92),
(5161, 59, 30),
(5162, 59, 93),
(5163, 59, 31),
(5164, 59, 94),
(5165, 59, 32),
(5166, 59, 95),
(5167, 59, 33),
(5168, 59, 96),
(5169, 59, 34),
(5170, 59, 97),
(5171, 59, 35),
(5172, 59, 98),
(5173, 59, 36),
(5174, 59, 99),
(5175, 59, 37),
(5176, 59, 100),
(5177, 59, 38),
(5178, 59, 101),
(5179, 59, 39),
(5180, 59, 102),
(5181, 59, 40),
(5182, 59, 103),
(5183, 59, 41),
(5184, 59, 104),
(5185, 59, 42),
(5186, 59, 105),
(5187, 59, 43),
(5188, 59, 106),
(5189, 59, 44),
(5190, 59, 107),
(5191, 59, 45),
(5192, 59, 108),
(5193, 59, 46),
(5194, 59, 109),
(5195, 59, 47),
(5196, 59, 110),
(5197, 59, 48),
(5198, 59, 111),
(5199, 59, 49),
(5200, 59, 112),
(5201, 59, 50),
(5202, 59, 113),
(5203, 59, 51),
(5204, 59, 114),
(5205, 59, 52),
(5206, 59, 115),
(5207, 60, 9),
(5208, 60, 72),
(5209, 60, 10),
(5210, 60, 73),
(5211, 60, 11),
(5212, 60, 74),
(5213, 60, 12),
(5214, 60, 75),
(5215, 60, 13),
(5216, 60, 76),
(5217, 60, 14),
(5218, 60, 77),
(5219, 60, 15),
(5220, 60, 78),
(5221, 60, 16),
(5222, 60, 79),
(5223, 60, 17),
(5224, 60, 80),
(5225, 60, 18),
(5226, 60, 81),
(5227, 60, 19),
(5228, 60, 82),
(5229, 60, 20),
(5230, 60, 83),
(5231, 60, 21),
(5232, 60, 84),
(5233, 60, 22),
(5234, 60, 85),
(5235, 60, 23),
(5236, 60, 86),
(5237, 60, 24),
(5238, 60, 87),
(5239, 60, 25),
(5240, 60, 88),
(5241, 60, 26),
(5242, 60, 89),
(5243, 60, 27),
(5244, 60, 90),
(5245, 60, 28),
(5246, 60, 91),
(5247, 60, 29),
(5248, 60, 92),
(5249, 60, 30),
(5250, 60, 93),
(5251, 60, 31),
(5252, 60, 94),
(5253, 60, 32),
(5254, 60, 95),
(5255, 60, 33),
(5256, 60, 96),
(5257, 60, 34),
(5258, 60, 97),
(5259, 60, 35),
(5260, 60, 98),
(5261, 60, 36),
(5262, 60, 99),
(5263, 60, 37),
(5264, 60, 100),
(5265, 60, 38),
(5266, 60, 101),
(5267, 60, 39),
(5268, 60, 102),
(5269, 60, 40),
(5270, 60, 103),
(5271, 60, 41),
(5272, 60, 104),
(5273, 60, 42),
(5274, 60, 105),
(5275, 60, 43),
(5276, 60, 106),
(5277, 60, 44),
(5278, 60, 107),
(5279, 60, 45),
(5280, 60, 108),
(5281, 60, 46),
(5282, 60, 109),
(5283, 60, 47),
(5284, 60, 110),
(5285, 60, 48),
(5286, 60, 111),
(5287, 60, 49),
(5288, 60, 112),
(5289, 60, 50),
(5290, 60, 113),
(5291, 60, 51),
(5292, 60, 114),
(5293, 60, 52),
(5294, 60, 115),
(5295, 61, 9),
(5296, 61, 72),
(5297, 61, 10),
(5298, 61, 73),
(5299, 61, 11),
(5300, 61, 74),
(5301, 61, 12),
(5302, 61, 75),
(5303, 61, 13),
(5304, 61, 76),
(5305, 61, 14),
(5306, 61, 77),
(5307, 61, 15),
(5308, 61, 78),
(5309, 61, 16),
(5310, 61, 79),
(5311, 61, 17),
(5312, 61, 80),
(5313, 61, 18),
(5314, 61, 81),
(5315, 61, 19),
(5316, 61, 82),
(5317, 61, 20),
(5318, 61, 83),
(5319, 61, 21),
(5320, 61, 84),
(5321, 61, 22),
(5322, 61, 85),
(5323, 61, 23),
(5324, 61, 86),
(5325, 61, 24),
(5326, 61, 87),
(5327, 61, 25),
(5328, 61, 88),
(5329, 61, 26),
(5330, 61, 89),
(5331, 61, 27),
(5332, 61, 90),
(5333, 61, 28),
(5334, 61, 91),
(5335, 61, 29),
(5336, 61, 92),
(5337, 61, 30),
(5338, 61, 93),
(5339, 61, 31),
(5340, 61, 94),
(5341, 61, 32),
(5342, 61, 95),
(5343, 61, 33),
(5344, 61, 96),
(5345, 61, 34),
(5346, 61, 97),
(5347, 61, 35),
(5348, 61, 98),
(5349, 61, 36),
(5350, 61, 99),
(5351, 61, 37),
(5352, 61, 100),
(5353, 61, 38),
(5354, 61, 101),
(5355, 61, 39),
(5356, 61, 102),
(5357, 61, 40),
(5358, 61, 103),
(5359, 61, 41),
(5360, 61, 104),
(5361, 61, 42),
(5362, 61, 105),
(5363, 61, 43),
(5364, 61, 106),
(5365, 61, 44),
(5366, 61, 107),
(5367, 61, 45),
(5368, 61, 108),
(5369, 61, 46),
(5370, 61, 109),
(5371, 61, 47),
(5372, 61, 110),
(5373, 61, 48),
(5374, 61, 111),
(5375, 61, 49),
(5376, 61, 112),
(5377, 61, 50),
(5378, 61, 113),
(5379, 61, 51),
(5380, 61, 114),
(5381, 61, 52),
(5382, 61, 115),
(5383, 62, 9),
(5384, 62, 72),
(5385, 62, 10),
(5386, 62, 73),
(5387, 62, 11),
(5388, 62, 74),
(5389, 62, 12),
(5390, 62, 75),
(5391, 62, 13),
(5392, 62, 76),
(5393, 62, 14),
(5394, 62, 77),
(5395, 62, 15),
(5396, 62, 78),
(5397, 62, 16),
(5398, 62, 79),
(5399, 62, 17),
(5400, 62, 80),
(5401, 62, 18),
(5402, 62, 81),
(5403, 62, 19),
(5404, 62, 82),
(5405, 62, 20),
(5406, 62, 83),
(5407, 62, 21),
(5408, 62, 84),
(5409, 62, 22),
(5410, 62, 85),
(5411, 62, 23),
(5412, 62, 86),
(5413, 62, 24),
(5414, 62, 87),
(5415, 62, 25),
(5416, 62, 88),
(5417, 62, 26),
(5418, 62, 89),
(5419, 62, 27),
(5420, 62, 90),
(5421, 62, 28),
(5422, 62, 91),
(5423, 62, 29),
(5424, 62, 92),
(5425, 62, 30),
(5426, 62, 93),
(5427, 62, 31),
(5428, 62, 94),
(5429, 62, 32),
(5430, 62, 95),
(5431, 62, 33),
(5432, 62, 96),
(5433, 62, 34),
(5434, 62, 97),
(5435, 62, 35),
(5436, 62, 98),
(5437, 62, 36),
(5438, 62, 99),
(5439, 62, 37),
(5440, 62, 100),
(5441, 62, 38),
(5442, 62, 101),
(5443, 62, 39),
(5444, 62, 102),
(5445, 62, 40),
(5446, 62, 103),
(5447, 62, 41),
(5448, 62, 104),
(5449, 62, 42),
(5450, 62, 105),
(5451, 62, 43),
(5452, 62, 106),
(5453, 62, 44),
(5454, 62, 107),
(5455, 62, 45),
(5456, 62, 108),
(5457, 62, 46),
(5458, 62, 109),
(5459, 62, 47),
(5460, 62, 110),
(5461, 62, 48),
(5462, 62, 111),
(5463, 62, 49),
(5464, 62, 112),
(5465, 62, 50),
(5466, 62, 113),
(5467, 62, 51),
(5468, 62, 114),
(5469, 62, 52),
(5470, 62, 115),
(5471, 63, 9),
(5472, 63, 72),
(5473, 63, 10),
(5474, 63, 73),
(5475, 63, 11),
(5476, 63, 74),
(5477, 63, 12),
(5478, 63, 75),
(5479, 63, 13),
(5480, 63, 76),
(5481, 63, 14),
(5482, 63, 77),
(5483, 63, 15),
(5484, 63, 78),
(5485, 63, 16),
(5486, 63, 79),
(5487, 63, 17),
(5488, 63, 80),
(5489, 63, 18),
(5490, 63, 81),
(5491, 63, 19),
(5492, 63, 82),
(5493, 63, 20),
(5494, 63, 83),
(5495, 63, 21),
(5496, 63, 84),
(5497, 63, 22),
(5498, 63, 85),
(5499, 63, 23),
(5500, 63, 86),
(5501, 63, 24),
(5502, 63, 87),
(5503, 63, 25),
(5504, 63, 88),
(5505, 63, 26),
(5506, 63, 89),
(5507, 63, 27),
(5508, 63, 90),
(5509, 63, 28),
(5510, 63, 91),
(5511, 63, 29),
(5512, 63, 92),
(5513, 63, 30),
(5514, 63, 93),
(5515, 63, 31),
(5516, 63, 94),
(5517, 63, 32),
(5518, 63, 95),
(5519, 63, 33),
(5520, 63, 96),
(5521, 63, 34),
(5522, 63, 97),
(5523, 63, 35),
(5524, 63, 98),
(5525, 63, 36),
(5526, 63, 99),
(5527, 63, 37),
(5528, 63, 100),
(5529, 63, 38),
(5530, 63, 101),
(5531, 63, 39),
(5532, 63, 102),
(5533, 63, 40),
(5534, 63, 103),
(5535, 63, 41),
(5536, 63, 104),
(5537, 63, 42),
(5538, 63, 105),
(5539, 63, 43),
(5540, 63, 106),
(5541, 63, 44),
(5542, 63, 107),
(5543, 63, 45),
(5544, 63, 108),
(5545, 63, 46),
(5546, 63, 109),
(5547, 63, 47),
(5548, 63, 110),
(5549, 63, 48),
(5550, 63, 111),
(5551, 63, 49),
(5552, 63, 112),
(5553, 63, 50),
(5554, 63, 113),
(5555, 63, 51),
(5556, 63, 114),
(5557, 63, 52),
(5558, 63, 115),
(5559, 64, 9),
(5560, 64, 72),
(5561, 64, 10),
(5562, 64, 73),
(5563, 64, 11),
(5564, 64, 74),
(5565, 64, 12),
(5566, 64, 75),
(5567, 64, 13),
(5568, 64, 76),
(5569, 64, 14),
(5570, 64, 77),
(5571, 64, 15),
(5572, 64, 78),
(5573, 64, 16),
(5574, 64, 79),
(5575, 64, 17),
(5576, 64, 80),
(5577, 64, 18),
(5578, 64, 81),
(5579, 64, 19),
(5580, 64, 82),
(5581, 64, 20),
(5582, 64, 83),
(5583, 64, 21),
(5584, 64, 84),
(5585, 64, 22),
(5586, 64, 85),
(5587, 64, 23),
(5588, 64, 86),
(5589, 64, 24),
(5590, 64, 87),
(5591, 64, 25),
(5592, 64, 88),
(5593, 64, 26),
(5594, 64, 89),
(5595, 64, 27),
(5596, 64, 90),
(5597, 64, 28),
(5598, 64, 91),
(5599, 64, 29),
(5600, 64, 92),
(5601, 64, 30),
(5602, 64, 93),
(5603, 64, 31),
(5604, 64, 94),
(5605, 64, 32),
(5606, 64, 95),
(5607, 64, 33),
(5608, 64, 96),
(5609, 64, 34),
(5610, 64, 97),
(5611, 64, 35),
(5612, 64, 98),
(5613, 64, 36),
(5614, 64, 99),
(5615, 64, 37),
(5616, 64, 100),
(5617, 64, 38),
(5618, 64, 101),
(5619, 64, 39),
(5620, 64, 102),
(5621, 64, 40),
(5622, 64, 103),
(5623, 64, 41),
(5624, 64, 104),
(5625, 64, 42),
(5626, 64, 105),
(5627, 64, 43),
(5628, 64, 106),
(5629, 64, 44),
(5630, 64, 107),
(5631, 64, 45),
(5632, 64, 108),
(5633, 64, 46),
(5634, 64, 109),
(5635, 64, 47),
(5636, 64, 110),
(5637, 64, 48),
(5638, 64, 111),
(5639, 64, 49),
(5640, 64, 112),
(5641, 64, 50),
(5642, 64, 113),
(5643, 64, 51),
(5644, 64, 114),
(5645, 64, 52),
(5646, 64, 115),
(5647, 65, 9),
(5648, 65, 72),
(5649, 65, 10),
(5650, 65, 73),
(5651, 65, 11),
(5652, 65, 74),
(5653, 65, 12),
(5654, 65, 75),
(5655, 65, 13),
(5656, 65, 76),
(5657, 65, 14),
(5658, 65, 77),
(5659, 65, 15),
(5660, 65, 78),
(5661, 65, 16),
(5662, 65, 79),
(5663, 65, 17),
(5664, 65, 80),
(5665, 65, 18),
(5666, 65, 81),
(5667, 65, 19),
(5668, 65, 82),
(5669, 65, 20),
(5670, 65, 83),
(5671, 65, 21),
(5672, 65, 84),
(5673, 65, 22),
(5674, 65, 85),
(5675, 65, 23),
(5676, 65, 86),
(5677, 65, 24),
(5678, 65, 87),
(5679, 65, 25),
(5680, 65, 88),
(5681, 65, 26),
(5682, 65, 89),
(5683, 65, 27),
(5684, 65, 90),
(5685, 65, 28),
(5686, 65, 91),
(5687, 65, 29),
(5688, 65, 92),
(5689, 65, 30),
(5690, 65, 93),
(5691, 65, 31),
(5692, 65, 94),
(5693, 65, 32),
(5694, 65, 95),
(5695, 65, 33),
(5696, 65, 96),
(5697, 65, 34),
(5698, 65, 97),
(5699, 65, 35),
(5700, 65, 98),
(5701, 65, 36),
(5702, 65, 99),
(5703, 65, 37),
(5704, 65, 100),
(5705, 65, 38),
(5706, 65, 101),
(5707, 65, 39),
(5708, 65, 102),
(5709, 65, 40),
(5710, 65, 103),
(5711, 65, 41),
(5712, 65, 104),
(5713, 65, 42),
(5714, 65, 105),
(5715, 65, 43),
(5716, 65, 106),
(5717, 65, 44),
(5718, 65, 107),
(5719, 65, 45),
(5720, 65, 108),
(5721, 65, 46),
(5722, 65, 109),
(5723, 65, 47),
(5724, 65, 110),
(5725, 65, 48),
(5726, 65, 111),
(5727, 65, 49),
(5728, 65, 112),
(5729, 65, 50),
(5730, 65, 113),
(5731, 65, 51),
(5732, 65, 114),
(5733, 65, 52),
(5734, 65, 115),
(5735, 66, 9),
(5736, 66, 72),
(5737, 66, 10),
(5738, 66, 73),
(5739, 66, 11),
(5740, 66, 74),
(5741, 66, 12),
(5742, 66, 75),
(5743, 66, 13),
(5744, 66, 76),
(5745, 66, 14),
(5746, 66, 77),
(5747, 66, 15),
(5748, 66, 78),
(5749, 66, 16),
(5750, 66, 79),
(5751, 66, 17),
(5752, 66, 80),
(5753, 66, 18),
(5754, 66, 81),
(5755, 66, 19),
(5756, 66, 82),
(5757, 66, 20),
(5758, 66, 83),
(5759, 66, 21),
(5760, 66, 84),
(5761, 66, 22),
(5762, 66, 85),
(5763, 66, 23),
(5764, 66, 86),
(5765, 66, 24),
(5766, 66, 87),
(5767, 66, 25),
(5768, 66, 88),
(5769, 66, 26),
(5770, 66, 89),
(5771, 66, 27),
(5772, 66, 90),
(5773, 66, 28),
(5774, 66, 91),
(5775, 66, 29),
(5776, 66, 92),
(5777, 66, 30),
(5778, 66, 93),
(5779, 66, 31),
(5780, 66, 94),
(5781, 66, 32),
(5782, 66, 95),
(5783, 66, 33),
(5784, 66, 96),
(5785, 66, 34),
(5786, 66, 97),
(5787, 66, 35),
(5788, 66, 98),
(5789, 66, 36),
(5790, 66, 99),
(5791, 66, 37),
(5792, 66, 100),
(5793, 66, 38),
(5794, 66, 101),
(5795, 66, 39),
(5796, 66, 102),
(5797, 66, 40),
(5798, 66, 103),
(5799, 66, 41),
(5800, 66, 104),
(5801, 66, 42),
(5802, 66, 105),
(5803, 66, 43),
(5804, 66, 106),
(5805, 66, 44),
(5806, 66, 107),
(5807, 66, 45),
(5808, 66, 108),
(5809, 66, 46),
(5810, 66, 109),
(5811, 66, 47),
(5812, 66, 110),
(5813, 66, 48),
(5814, 66, 111),
(5815, 66, 49),
(5816, 66, 112),
(5817, 66, 50),
(5818, 66, 113),
(5819, 66, 51),
(5820, 66, 114),
(5821, 66, 52),
(5822, 66, 115),
(5823, 67, 9),
(5824, 67, 72),
(5825, 67, 10),
(5826, 67, 73),
(5827, 67, 11),
(5828, 67, 74),
(5829, 67, 12),
(5830, 67, 75),
(5831, 67, 13),
(5832, 67, 76),
(5833, 67, 14),
(5834, 67, 77),
(5835, 67, 15),
(5836, 67, 78),
(5837, 67, 16),
(5838, 67, 79),
(5839, 67, 17),
(5840, 67, 80),
(5841, 67, 18),
(5842, 67, 81),
(5843, 67, 19),
(5844, 67, 82),
(5845, 67, 20),
(5846, 67, 83),
(5847, 67, 21),
(5848, 67, 84),
(5849, 67, 22),
(5850, 67, 85),
(5851, 67, 23),
(5852, 67, 86),
(5853, 67, 24),
(5854, 67, 87),
(5855, 67, 25),
(5856, 67, 88),
(5857, 67, 26),
(5858, 67, 89),
(5859, 67, 27),
(5860, 67, 90),
(5861, 67, 28),
(5862, 67, 91),
(5863, 67, 29),
(5864, 67, 92),
(5865, 67, 30),
(5866, 67, 93),
(5867, 67, 31),
(5868, 67, 94),
(5869, 67, 32),
(5870, 67, 95),
(5871, 67, 33),
(5872, 67, 96),
(5873, 67, 34),
(5874, 67, 97),
(5875, 67, 35),
(5876, 67, 98),
(5877, 67, 36),
(5878, 67, 99),
(5879, 67, 37),
(5880, 67, 100),
(5881, 67, 38),
(5882, 67, 101),
(5883, 67, 39),
(5884, 67, 102),
(5885, 67, 40),
(5886, 67, 103),
(5887, 67, 41),
(5888, 67, 104),
(5889, 67, 42),
(5890, 67, 105),
(5891, 67, 43),
(5892, 67, 106),
(5893, 67, 44),
(5894, 67, 107),
(5895, 67, 45),
(5896, 67, 108),
(5897, 67, 46),
(5898, 67, 109),
(5899, 67, 47),
(5900, 67, 110),
(5901, 67, 48),
(5902, 67, 111),
(5903, 67, 49),
(5904, 67, 112),
(5905, 67, 50),
(5906, 67, 113),
(5907, 67, 51),
(5908, 67, 114),
(5909, 67, 52),
(5910, 67, 115),
(5911, 68, 9),
(5912, 68, 72),
(5913, 68, 10),
(5914, 68, 73),
(5915, 68, 11),
(5916, 68, 74),
(5917, 68, 12),
(5918, 68, 75),
(5919, 68, 13),
(5920, 68, 76),
(5921, 68, 14),
(5922, 68, 77),
(5923, 68, 15),
(5924, 68, 78),
(5925, 68, 16),
(5926, 68, 79),
(5927, 68, 17),
(5928, 68, 80),
(5929, 68, 18),
(5930, 68, 81),
(5931, 68, 19),
(5932, 68, 82),
(5933, 68, 20),
(5934, 68, 83),
(5935, 68, 21),
(5936, 68, 84),
(5937, 68, 22),
(5938, 68, 85),
(5939, 68, 23),
(5940, 68, 86),
(5941, 68, 24),
(5942, 68, 87),
(5943, 68, 25),
(5944, 68, 88),
(5945, 68, 26),
(5946, 68, 89),
(5947, 68, 27),
(5948, 68, 90),
(5949, 68, 28),
(5950, 68, 91),
(5951, 68, 29),
(5952, 68, 92),
(5953, 68, 30),
(5954, 68, 93),
(5955, 68, 31),
(5956, 68, 94),
(5957, 68, 32),
(5958, 68, 95),
(5959, 68, 33),
(5960, 68, 96),
(5961, 68, 34),
(5962, 68, 97),
(5963, 68, 35),
(5964, 68, 98),
(5965, 68, 36),
(5966, 68, 99),
(5967, 68, 37),
(5968, 68, 100),
(5969, 68, 38),
(5970, 68, 101),
(5971, 68, 39),
(5972, 68, 102),
(5973, 68, 40),
(5974, 68, 103),
(5975, 68, 41),
(5976, 68, 104),
(5977, 68, 42),
(5978, 68, 105),
(5979, 68, 43),
(5980, 68, 106),
(5981, 68, 44),
(5982, 68, 107),
(5983, 68, 45),
(5984, 68, 108),
(5985, 68, 46),
(5986, 68, 109),
(5987, 68, 47),
(5988, 68, 110),
(5989, 68, 48),
(5990, 68, 111),
(5991, 68, 49),
(5992, 68, 112),
(5993, 68, 50),
(5994, 68, 113),
(5995, 68, 51),
(5996, 68, 114),
(5997, 68, 52),
(5998, 68, 115),
(5999, 69, 9),
(6000, 69, 72),
(6001, 69, 10),
(6002, 69, 73),
(6003, 69, 11),
(6004, 69, 74),
(6005, 69, 12),
(6006, 69, 75),
(6007, 69, 13),
(6008, 69, 76),
(6009, 69, 14),
(6010, 69, 77),
(6011, 69, 15),
(6012, 69, 78),
(6013, 69, 16),
(6014, 69, 79),
(6015, 69, 17),
(6016, 69, 80),
(6017, 69, 18),
(6018, 69, 81),
(6019, 69, 19),
(6020, 69, 82),
(6021, 69, 20),
(6022, 69, 83),
(6023, 69, 21),
(6024, 69, 84),
(6025, 69, 22),
(6026, 69, 85),
(6027, 69, 23),
(6028, 69, 86),
(6029, 69, 24),
(6030, 69, 87),
(6031, 69, 25),
(6032, 69, 88),
(6033, 69, 26),
(6034, 69, 89),
(6035, 69, 27),
(6036, 69, 90),
(6037, 69, 28),
(6038, 69, 91),
(6039, 69, 29),
(6040, 69, 92),
(6041, 69, 30),
(6042, 69, 93),
(6043, 69, 31),
(6044, 69, 94),
(6045, 69, 32),
(6046, 69, 95),
(6047, 69, 33),
(6048, 69, 96),
(6049, 69, 34),
(6050, 69, 97),
(6051, 69, 35),
(6052, 69, 98),
(6053, 69, 36),
(6054, 69, 99),
(6055, 69, 37),
(6056, 69, 100),
(6057, 69, 38),
(6058, 69, 101),
(6059, 69, 39),
(6060, 69, 102),
(6061, 69, 40),
(6062, 69, 103),
(6063, 69, 41),
(6064, 69, 104),
(6065, 69, 42),
(6066, 69, 105),
(6067, 69, 43),
(6068, 69, 106),
(6069, 69, 44),
(6070, 69, 107),
(6071, 69, 45),
(6072, 69, 108),
(6073, 69, 46),
(6074, 69, 109),
(6075, 69, 47),
(6076, 69, 110),
(6077, 69, 48),
(6078, 69, 111),
(6079, 69, 49),
(6080, 69, 112),
(6081, 69, 50),
(6082, 69, 113),
(6083, 69, 51),
(6084, 69, 114),
(6085, 69, 52),
(6086, 69, 115),
(6087, 70, 9),
(6088, 70, 72),
(6089, 70, 10),
(6090, 70, 73),
(6091, 70, 11),
(6092, 70, 74),
(6093, 70, 12),
(6094, 70, 75),
(6095, 70, 13),
(6096, 70, 76),
(6097, 70, 14),
(6098, 70, 77),
(6099, 70, 15),
(6100, 70, 78),
(6101, 70, 16),
(6102, 70, 79),
(6103, 70, 17),
(6104, 70, 80),
(6105, 70, 18),
(6106, 70, 81),
(6107, 70, 19),
(6108, 70, 82),
(6109, 70, 20),
(6110, 70, 83),
(6111, 70, 21),
(6112, 70, 84),
(6113, 70, 22),
(6114, 70, 85),
(6115, 70, 23),
(6116, 70, 86),
(6117, 70, 24),
(6118, 70, 87),
(6119, 70, 25),
(6120, 70, 88),
(6121, 70, 26),
(6122, 70, 89),
(6123, 70, 27),
(6124, 70, 90),
(6125, 70, 28),
(6126, 70, 91),
(6127, 70, 29),
(6128, 70, 92),
(6129, 70, 30),
(6130, 70, 93),
(6131, 70, 31),
(6132, 70, 94),
(6133, 70, 32),
(6134, 70, 95),
(6135, 70, 33),
(6136, 70, 96),
(6137, 70, 34),
(6138, 70, 97),
(6139, 70, 35),
(6140, 70, 98),
(6141, 70, 36),
(6142, 70, 99),
(6143, 70, 37),
(6144, 70, 100),
(6145, 70, 38),
(6146, 70, 101),
(6147, 70, 39),
(6148, 70, 102),
(6149, 70, 40),
(6150, 70, 103),
(6151, 70, 41),
(6152, 70, 104),
(6153, 70, 42),
(6154, 70, 105),
(6155, 70, 43),
(6156, 70, 106),
(6157, 70, 44),
(6158, 70, 107),
(6159, 70, 45),
(6160, 70, 108),
(6161, 70, 46),
(6162, 70, 109),
(6163, 70, 47),
(6164, 70, 110),
(6165, 70, 48),
(6166, 70, 111),
(6167, 70, 49),
(6168, 70, 112),
(6169, 70, 50),
(6170, 70, 113),
(6171, 70, 51),
(6172, 70, 114),
(6173, 70, 52),
(6174, 70, 115),
(6175, 71, 9),
(6176, 71, 72),
(6177, 71, 10),
(6178, 71, 73),
(6179, 71, 11),
(6180, 71, 74),
(6181, 71, 12),
(6182, 71, 75),
(6183, 71, 13),
(6184, 71, 76),
(6185, 71, 14),
(6186, 71, 77),
(6187, 71, 15),
(6188, 71, 78),
(6189, 71, 16),
(6190, 71, 79),
(6191, 71, 17),
(6192, 71, 80),
(6193, 71, 18),
(6194, 71, 81),
(6195, 71, 19),
(6196, 71, 82),
(6197, 71, 20),
(6198, 71, 83),
(6199, 71, 21),
(6200, 71, 84),
(6201, 71, 22),
(6202, 71, 85),
(6203, 71, 23),
(6204, 71, 86),
(6205, 71, 24),
(6206, 71, 87),
(6207, 71, 25),
(6208, 71, 88),
(6209, 71, 26),
(6210, 71, 89),
(6211, 71, 27),
(6212, 71, 90),
(6213, 71, 28),
(6214, 71, 91),
(6215, 71, 29),
(6216, 71, 92),
(6217, 71, 30),
(6218, 71, 93),
(6219, 71, 31),
(6220, 71, 94),
(6221, 71, 32),
(6222, 71, 95),
(6223, 71, 33),
(6224, 71, 96),
(6225, 71, 34),
(6226, 71, 97),
(6227, 71, 35),
(6228, 71, 98),
(6229, 71, 36),
(6230, 71, 99),
(6231, 71, 37),
(6232, 71, 100),
(6233, 71, 38),
(6234, 71, 101),
(6235, 71, 39),
(6236, 71, 102),
(6237, 71, 40),
(6238, 71, 103),
(6239, 71, 41),
(6240, 71, 104),
(6241, 71, 42),
(6242, 71, 105),
(6243, 71, 43),
(6244, 71, 106),
(6245, 71, 44),
(6246, 71, 107),
(6247, 71, 45),
(6248, 71, 108),
(6249, 71, 46),
(6250, 71, 109),
(6251, 71, 47),
(6252, 71, 110),
(6253, 71, 48),
(6254, 71, 111),
(6255, 71, 49),
(6256, 71, 112),
(6257, 71, 50),
(6258, 71, 113),
(6259, 71, 51),
(6260, 71, 114),
(6261, 71, 52),
(6262, 71, 115),
(6263, 72, 9),
(6264, 72, 72),
(6265, 72, 10),
(6266, 72, 73),
(6267, 72, 11),
(6268, 72, 74),
(6269, 72, 12),
(6270, 72, 75),
(6271, 72, 13),
(6272, 72, 76),
(6273, 72, 14),
(6274, 72, 77),
(6275, 72, 15),
(6276, 72, 78),
(6277, 72, 16),
(6278, 72, 79),
(6279, 72, 17),
(6280, 72, 80),
(6281, 72, 18),
(6282, 72, 81),
(6283, 72, 19),
(6284, 72, 82),
(6285, 72, 20),
(6286, 72, 83),
(6287, 72, 21),
(6288, 72, 84),
(6289, 72, 22),
(6290, 72, 85),
(6291, 72, 23),
(6292, 72, 86),
(6293, 72, 24),
(6294, 72, 87),
(6295, 72, 25),
(6296, 72, 88),
(6297, 72, 26),
(6298, 72, 89),
(6299, 72, 27),
(6300, 72, 90),
(6301, 72, 28),
(6302, 72, 91),
(6303, 72, 29),
(6304, 72, 92),
(6305, 72, 30),
(6306, 72, 93),
(6307, 72, 31),
(6308, 72, 94),
(6309, 72, 32),
(6310, 72, 95),
(6311, 72, 33),
(6312, 72, 96),
(6313, 72, 34),
(6314, 72, 97),
(6315, 72, 35),
(6316, 72, 98),
(6317, 72, 36),
(6318, 72, 99),
(6319, 72, 37),
(6320, 72, 100),
(6321, 72, 38),
(6322, 72, 101),
(6323, 72, 39),
(6324, 72, 102),
(6325, 72, 40),
(6326, 72, 103),
(6327, 72, 41),
(6328, 72, 104),
(6329, 72, 42),
(6330, 72, 105),
(6331, 72, 43),
(6332, 72, 106),
(6333, 72, 44),
(6334, 72, 107),
(6335, 72, 45),
(6336, 72, 108),
(6337, 72, 46),
(6338, 72, 109),
(6339, 72, 47),
(6340, 72, 110),
(6341, 72, 48),
(6342, 72, 111),
(6343, 72, 49),
(6344, 72, 112),
(6345, 72, 50),
(6346, 72, 113),
(6347, 72, 51),
(6348, 72, 114),
(6349, 72, 52),
(6350, 72, 115),
(6351, 73, 9),
(6352, 73, 72),
(6353, 73, 10),
(6354, 73, 73),
(6355, 73, 11),
(6356, 73, 74),
(6357, 73, 12),
(6358, 73, 75),
(6359, 73, 13),
(6360, 73, 76),
(6361, 73, 14),
(6362, 73, 77),
(6363, 73, 15),
(6364, 73, 78),
(6365, 73, 16),
(6366, 73, 79),
(6367, 73, 17),
(6368, 73, 80),
(6369, 73, 18),
(6370, 73, 81),
(6371, 73, 19),
(6372, 73, 82),
(6373, 73, 20),
(6374, 73, 83),
(6375, 73, 21),
(6376, 73, 84),
(6377, 73, 22),
(6378, 73, 85),
(6379, 73, 23),
(6380, 73, 86),
(6381, 73, 24),
(6382, 73, 87),
(6383, 73, 25),
(6384, 73, 88),
(6385, 73, 26),
(6386, 73, 89),
(6387, 73, 27),
(6388, 73, 90),
(6389, 73, 28),
(6390, 73, 91),
(6391, 73, 29),
(6392, 73, 92),
(6393, 73, 30),
(6394, 73, 93),
(6395, 73, 31),
(6396, 73, 94),
(6397, 73, 32),
(6398, 73, 95),
(6399, 73, 33),
(6400, 73, 96),
(6401, 73, 34),
(6402, 73, 97),
(6403, 73, 35),
(6404, 73, 98),
(6405, 73, 36),
(6406, 73, 99),
(6407, 73, 37),
(6408, 73, 100),
(6409, 73, 38),
(6410, 73, 101),
(6411, 73, 39),
(6412, 73, 102),
(6413, 73, 40),
(6414, 73, 103),
(6415, 73, 41),
(6416, 73, 104),
(6417, 73, 42),
(6418, 73, 105),
(6419, 73, 43),
(6420, 73, 106),
(6421, 73, 44),
(6422, 73, 107),
(6423, 73, 45),
(6424, 73, 108),
(6425, 73, 46),
(6426, 73, 109),
(6427, 73, 47),
(6428, 73, 110),
(6429, 73, 48),
(6430, 73, 111),
(6431, 73, 49),
(6432, 73, 112),
(6433, 73, 50),
(6434, 73, 113),
(6435, 73, 51),
(6436, 73, 114),
(6437, 73, 52),
(6438, 73, 115),
(6439, 74, 9),
(6440, 74, 72),
(6441, 74, 10),
(6442, 74, 73),
(6443, 74, 11),
(6444, 74, 74),
(6445, 74, 12),
(6446, 74, 75),
(6447, 74, 13),
(6448, 74, 76),
(6449, 74, 14),
(6450, 74, 77),
(6451, 74, 15),
(6452, 74, 78),
(6453, 74, 16),
(6454, 74, 79),
(6455, 74, 17),
(6456, 74, 80),
(6457, 74, 18),
(6458, 74, 81),
(6459, 74, 19),
(6460, 74, 82),
(6461, 74, 20),
(6462, 74, 83),
(6463, 74, 21),
(6464, 74, 84),
(6465, 74, 22),
(6466, 74, 85),
(6467, 74, 23),
(6468, 74, 86),
(6469, 74, 24),
(6470, 74, 87),
(6471, 74, 25),
(6472, 74, 88),
(6473, 74, 26),
(6474, 74, 89),
(6475, 74, 27),
(6476, 74, 90),
(6477, 74, 28),
(6478, 74, 91),
(6479, 74, 29),
(6480, 74, 92),
(6481, 74, 30),
(6482, 74, 93),
(6483, 74, 31),
(6484, 74, 94),
(6485, 74, 32),
(6486, 74, 95),
(6487, 74, 33),
(6488, 74, 96),
(6489, 74, 34),
(6490, 74, 97),
(6491, 74, 35),
(6492, 74, 98),
(6493, 74, 36),
(6494, 74, 99),
(6495, 74, 37),
(6496, 74, 100),
(6497, 74, 38),
(6498, 74, 101),
(6499, 74, 39),
(6500, 74, 102),
(6501, 74, 40),
(6502, 74, 103),
(6503, 74, 41),
(6504, 74, 104),
(6505, 74, 42),
(6506, 74, 105),
(6507, 74, 43),
(6508, 74, 106),
(6509, 74, 44),
(6510, 74, 107),
(6511, 74, 45),
(6512, 74, 108),
(6513, 74, 46),
(6514, 74, 109),
(6515, 74, 47),
(6516, 74, 110),
(6517, 74, 48),
(6518, 74, 111),
(6519, 74, 49),
(6520, 74, 112),
(6521, 74, 50),
(6522, 74, 113),
(6523, 74, 51),
(6524, 74, 114),
(6525, 74, 52),
(6526, 74, 115),
(6527, 75, 9),
(6528, 75, 72),
(6529, 75, 10),
(6530, 75, 73),
(6531, 75, 11),
(6532, 75, 74),
(6533, 75, 12),
(6534, 75, 75),
(6535, 75, 13),
(6536, 75, 76),
(6537, 75, 14),
(6538, 75, 77),
(6539, 75, 15),
(6540, 75, 78),
(6541, 75, 16),
(6542, 75, 79),
(6543, 75, 17),
(6544, 75, 80),
(6545, 75, 18),
(6546, 75, 81),
(6547, 75, 19),
(6548, 75, 82),
(6549, 75, 20),
(6550, 75, 83),
(6551, 75, 21),
(6552, 75, 84),
(6553, 75, 22),
(6554, 75, 85),
(6555, 75, 23),
(6556, 75, 86),
(6557, 75, 24),
(6558, 75, 87),
(6559, 75, 25),
(6560, 75, 88),
(6561, 75, 26),
(6562, 75, 89),
(6563, 75, 27),
(6564, 75, 90),
(6565, 75, 28),
(6566, 75, 91),
(6567, 75, 29),
(6568, 75, 92),
(6569, 75, 30),
(6570, 75, 93),
(6571, 75, 31),
(6572, 75, 94),
(6573, 75, 32),
(6574, 75, 95),
(6575, 75, 33),
(6576, 75, 96),
(6577, 75, 34),
(6578, 75, 97),
(6579, 75, 35),
(6580, 75, 98),
(6581, 75, 36),
(6582, 75, 99),
(6583, 75, 37),
(6584, 75, 100),
(6585, 75, 38),
(6586, 75, 101),
(6587, 75, 39),
(6588, 75, 102),
(6589, 75, 40),
(6590, 75, 103),
(6591, 75, 41),
(6592, 75, 104),
(6593, 75, 42),
(6594, 75, 105),
(6595, 75, 43),
(6596, 75, 106),
(6597, 75, 44),
(6598, 75, 107),
(6599, 75, 45),
(6600, 75, 108),
(6601, 75, 46),
(6602, 75, 109),
(6603, 75, 47),
(6604, 75, 110),
(6605, 75, 48),
(6606, 75, 111),
(6607, 75, 49),
(6608, 75, 112),
(6609, 75, 50),
(6610, 75, 113),
(6611, 75, 51),
(6612, 75, 114),
(6613, 75, 52),
(6614, 75, 115),
(6615, 76, 9),
(6616, 76, 72),
(6617, 76, 10),
(6618, 76, 73),
(6619, 76, 11),
(6620, 76, 74),
(6621, 76, 12),
(6622, 76, 75),
(6623, 76, 13),
(6624, 76, 76),
(6625, 76, 14),
(6626, 76, 77),
(6627, 76, 15),
(6628, 76, 78),
(6629, 76, 16),
(6630, 76, 79),
(6631, 76, 17),
(6632, 76, 80),
(6633, 76, 18),
(6634, 76, 81),
(6635, 76, 19),
(6636, 76, 82),
(6637, 76, 20),
(6638, 76, 83),
(6639, 76, 21),
(6640, 76, 84),
(6641, 76, 22),
(6642, 76, 85),
(6643, 76, 23),
(6644, 76, 86),
(6645, 76, 24),
(6646, 76, 87),
(6647, 76, 25),
(6648, 76, 88),
(6649, 76, 26),
(6650, 76, 89),
(6651, 76, 27),
(6652, 76, 90),
(6653, 76, 28),
(6654, 76, 91),
(6655, 76, 29),
(6656, 76, 92),
(6657, 76, 30),
(6658, 76, 93),
(6659, 76, 31),
(6660, 76, 94),
(6661, 76, 32),
(6662, 76, 95),
(6663, 76, 33),
(6664, 76, 96),
(6665, 76, 34),
(6666, 76, 97),
(6667, 76, 35),
(6668, 76, 98),
(6669, 76, 36),
(6670, 76, 99),
(6671, 76, 37),
(6672, 76, 100),
(6673, 76, 38),
(6674, 76, 101),
(6675, 76, 39),
(6676, 76, 102),
(6677, 76, 40),
(6678, 76, 103),
(6679, 76, 41),
(6680, 76, 104),
(6681, 76, 42),
(6682, 76, 105),
(6683, 76, 43),
(6684, 76, 106),
(6685, 76, 44),
(6686, 76, 107),
(6687, 76, 45),
(6688, 76, 108),
(6689, 76, 46),
(6690, 76, 109),
(6691, 76, 47),
(6692, 76, 110),
(6693, 76, 48),
(6694, 76, 111),
(6695, 76, 49),
(6696, 76, 112),
(6697, 76, 50),
(6698, 76, 113),
(6699, 76, 51),
(6700, 76, 114),
(6701, 76, 52),
(6702, 76, 115),
(6703, 77, 9),
(6704, 77, 72),
(6705, 77, 10),
(6706, 77, 73),
(6707, 77, 11),
(6708, 77, 74),
(6709, 77, 12),
(6710, 77, 75),
(6711, 77, 13),
(6712, 77, 76),
(6713, 77, 14),
(6714, 77, 77),
(6715, 77, 15),
(6716, 77, 78),
(6717, 77, 16),
(6718, 77, 79),
(6719, 77, 17),
(6720, 77, 80),
(6721, 77, 18),
(6722, 77, 81),
(6723, 77, 19),
(6724, 77, 82),
(6725, 77, 20),
(6726, 77, 83),
(6727, 77, 21),
(6728, 77, 84),
(6729, 77, 22),
(6730, 77, 85),
(6731, 77, 23),
(6732, 77, 86),
(6733, 77, 24),
(6734, 77, 87),
(6735, 77, 25),
(6736, 77, 88),
(6737, 77, 26),
(6738, 77, 89),
(6739, 77, 27),
(6740, 77, 90),
(6741, 77, 28),
(6742, 77, 91),
(6743, 77, 29),
(6744, 77, 92),
(6745, 77, 30),
(6746, 77, 93),
(6747, 77, 31),
(6748, 77, 94),
(6749, 77, 32),
(6750, 77, 95),
(6751, 77, 33),
(6752, 77, 96),
(6753, 77, 34),
(6754, 77, 97),
(6755, 77, 35),
(6756, 77, 98),
(6757, 77, 36),
(6758, 77, 99),
(6759, 77, 37),
(6760, 77, 100),
(6761, 77, 38),
(6762, 77, 101),
(6763, 77, 39),
(6764, 77, 102),
(6765, 77, 40),
(6766, 77, 103),
(6767, 77, 41),
(6768, 77, 104),
(6769, 77, 42),
(6770, 77, 105),
(6771, 77, 43),
(6772, 77, 106),
(6773, 77, 44),
(6774, 77, 107),
(6775, 77, 45),
(6776, 77, 108),
(6777, 77, 46),
(6778, 77, 109),
(6779, 77, 47),
(6780, 77, 110),
(6781, 77, 48),
(6782, 77, 111),
(6783, 77, 49),
(6784, 77, 112),
(6785, 77, 50),
(6786, 77, 113),
(6787, 77, 51),
(6788, 77, 114),
(6789, 77, 52),
(6790, 77, 115),
(6791, 78, 9),
(6792, 78, 72),
(6793, 78, 10),
(6794, 78, 73),
(6795, 78, 11),
(6796, 78, 74),
(6797, 78, 12),
(6798, 78, 75),
(6799, 78, 13),
(6800, 78, 76),
(6801, 78, 14),
(6802, 78, 77),
(6803, 78, 15),
(6804, 78, 78),
(6805, 78, 16),
(6806, 78, 79),
(6807, 78, 17),
(6808, 78, 80),
(6809, 78, 18),
(6810, 78, 81),
(6811, 78, 19),
(6812, 78, 82),
(6813, 78, 20),
(6814, 78, 83),
(6815, 78, 21),
(6816, 78, 84),
(6817, 78, 22),
(6818, 78, 85),
(6819, 78, 23),
(6820, 78, 86),
(6821, 78, 24),
(6822, 78, 87),
(6823, 78, 25),
(6824, 78, 88),
(6825, 78, 26),
(6826, 78, 89),
(6827, 78, 27),
(6828, 78, 90),
(6829, 78, 28),
(6830, 78, 91),
(6831, 78, 29),
(6832, 78, 92),
(6833, 78, 30),
(6834, 78, 93),
(6835, 78, 31),
(6836, 78, 94),
(6837, 78, 32),
(6838, 78, 95),
(6839, 78, 33),
(6840, 78, 96),
(6841, 78, 34),
(6842, 78, 97),
(6843, 78, 35),
(6844, 78, 98),
(6845, 78, 36),
(6846, 78, 99),
(6847, 78, 37),
(6848, 78, 100),
(6849, 78, 38),
(6850, 78, 101),
(6851, 78, 39),
(6852, 78, 102),
(6853, 78, 40),
(6854, 78, 103),
(6855, 78, 41),
(6856, 78, 104),
(6857, 78, 42),
(6858, 78, 105),
(6859, 78, 43),
(6860, 78, 106),
(6861, 78, 44),
(6862, 78, 107),
(6863, 78, 45),
(6864, 78, 108),
(6865, 78, 46),
(6866, 78, 109),
(6867, 78, 47),
(6868, 78, 110),
(6869, 78, 48),
(6870, 78, 111),
(6871, 78, 49),
(6872, 78, 112),
(6873, 78, 50),
(6874, 78, 113),
(6875, 78, 51),
(6876, 78, 114),
(6877, 78, 52),
(6878, 78, 115),
(6879, 79, 9),
(6880, 79, 72),
(6881, 79, 10),
(6882, 79, 73),
(6883, 79, 11),
(6884, 79, 74),
(6885, 79, 12),
(6886, 79, 75),
(6887, 79, 13),
(6888, 79, 76),
(6889, 79, 14),
(6890, 79, 77),
(6891, 79, 15),
(6892, 79, 78),
(6893, 79, 16),
(6894, 79, 79),
(6895, 79, 17),
(6896, 79, 80),
(6897, 79, 18),
(6898, 79, 81),
(6899, 79, 19),
(6900, 79, 82),
(6901, 79, 20),
(6902, 79, 83),
(6903, 79, 21),
(6904, 79, 84),
(6905, 79, 22),
(6906, 79, 85),
(6907, 79, 23),
(6908, 79, 86),
(6909, 79, 24),
(6910, 79, 87),
(6911, 79, 25),
(6912, 79, 88),
(6913, 79, 26),
(6914, 79, 89),
(6915, 79, 27),
(6916, 79, 90),
(6917, 79, 28),
(6918, 79, 91),
(6919, 79, 29),
(6920, 79, 92),
(6921, 79, 30),
(6922, 79, 93),
(6923, 79, 31),
(6924, 79, 94),
(6925, 79, 32),
(6926, 79, 95),
(6927, 79, 33),
(6928, 79, 96),
(6929, 79, 34),
(6930, 79, 97),
(6931, 79, 35),
(6932, 79, 98),
(6933, 79, 36),
(6934, 79, 99),
(6935, 79, 37),
(6936, 79, 100),
(6937, 79, 38),
(6938, 79, 101),
(6939, 79, 39),
(6940, 79, 102),
(6941, 79, 40),
(6942, 79, 103),
(6943, 79, 41),
(6944, 79, 104),
(6945, 79, 42),
(6946, 79, 105),
(6947, 79, 43),
(6948, 79, 106),
(6949, 79, 44),
(6950, 79, 107),
(6951, 79, 45),
(6952, 79, 108),
(6953, 79, 46),
(6954, 79, 109),
(6955, 79, 47),
(6956, 79, 110),
(6957, 79, 48),
(6958, 79, 111),
(6959, 79, 49),
(6960, 79, 112),
(6961, 79, 50),
(6962, 79, 113),
(6963, 79, 51),
(6964, 79, 114),
(6965, 79, 52),
(6966, 79, 115),
(6967, 80, 9),
(6968, 80, 72),
(6969, 80, 10),
(6970, 80, 73),
(6971, 80, 11),
(6972, 80, 74),
(6973, 80, 12),
(6974, 80, 75),
(6975, 80, 13),
(6976, 80, 76),
(6977, 80, 14),
(6978, 80, 77),
(6979, 80, 15),
(6980, 80, 78),
(6981, 80, 16),
(6982, 80, 79),
(6983, 80, 17),
(6984, 80, 80),
(6985, 80, 18),
(6986, 80, 81),
(6987, 80, 19),
(6988, 80, 82),
(6989, 80, 20),
(6990, 80, 83),
(6991, 80, 21),
(6992, 80, 84),
(6993, 80, 22),
(6994, 80, 85),
(6995, 80, 23),
(6996, 80, 86),
(6997, 80, 24),
(6998, 80, 87),
(6999, 80, 25),
(7000, 80, 88),
(7001, 80, 26),
(7002, 80, 89),
(7003, 80, 27),
(7004, 80, 90),
(7005, 80, 28),
(7006, 80, 91),
(7007, 80, 29),
(7008, 80, 92),
(7009, 80, 30),
(7010, 80, 93),
(7011, 80, 31),
(7012, 80, 94),
(7013, 80, 32),
(7014, 80, 95),
(7015, 80, 33),
(7016, 80, 96),
(7017, 80, 34),
(7018, 80, 97),
(7019, 80, 35),
(7020, 80, 98),
(7021, 80, 36),
(7022, 80, 99),
(7023, 80, 37),
(7024, 80, 100),
(7025, 80, 38),
(7026, 80, 101),
(7027, 80, 39),
(7028, 80, 102),
(7029, 80, 40),
(7030, 80, 103),
(7031, 80, 41),
(7032, 80, 104),
(7033, 80, 42),
(7034, 80, 105),
(7035, 80, 43),
(7036, 80, 106),
(7037, 80, 44),
(7038, 80, 107),
(7039, 80, 45),
(7040, 80, 108),
(7041, 80, 46),
(7042, 80, 109),
(7043, 80, 47),
(7044, 80, 110),
(7045, 80, 48),
(7046, 80, 111),
(7047, 80, 49),
(7048, 80, 112),
(7049, 80, 50),
(7050, 80, 113),
(7051, 80, 51),
(7052, 80, 114),
(7053, 80, 52),
(7054, 80, 115),
(7055, 81, 9),
(7056, 81, 72),
(7057, 81, 10),
(7058, 81, 73),
(7059, 81, 11),
(7060, 81, 74),
(7061, 81, 12),
(7062, 81, 75),
(7063, 81, 13),
(7064, 81, 76),
(7065, 81, 14),
(7066, 81, 77),
(7067, 81, 15),
(7068, 81, 78),
(7069, 81, 16),
(7070, 81, 79),
(7071, 81, 17),
(7072, 81, 80),
(7073, 81, 18),
(7074, 81, 81),
(7075, 81, 19),
(7076, 81, 82),
(7077, 81, 20),
(7078, 81, 83),
(7079, 81, 21),
(7080, 81, 84),
(7081, 81, 22),
(7082, 81, 85),
(7083, 81, 23),
(7084, 81, 86),
(7085, 81, 24),
(7086, 81, 87),
(7087, 81, 25),
(7088, 81, 88),
(7089, 81, 26),
(7090, 81, 89),
(7091, 81, 27),
(7092, 81, 90),
(7093, 81, 28),
(7094, 81, 91),
(7095, 81, 29),
(7096, 81, 92),
(7097, 81, 30),
(7098, 81, 93),
(7099, 81, 31),
(7100, 81, 94),
(7101, 81, 32),
(7102, 81, 95),
(7103, 81, 33),
(7104, 81, 96),
(7105, 81, 34),
(7106, 81, 97),
(7107, 81, 35),
(7108, 81, 98),
(7109, 81, 36),
(7110, 81, 99),
(7111, 81, 37),
(7112, 81, 100),
(7113, 81, 38),
(7114, 81, 101),
(7115, 81, 39),
(7116, 81, 102),
(7117, 81, 40),
(7118, 81, 103),
(7119, 81, 41),
(7120, 81, 104),
(7121, 81, 42),
(7122, 81, 105),
(7123, 81, 43),
(7124, 81, 106),
(7125, 81, 44),
(7126, 81, 107),
(7127, 81, 45),
(7128, 81, 108),
(7129, 81, 46),
(7130, 81, 109),
(7131, 81, 47),
(7132, 81, 110),
(7133, 81, 48),
(7134, 81, 111),
(7135, 81, 49),
(7136, 81, 112),
(7137, 81, 50),
(7138, 81, 113),
(7139, 81, 51),
(7140, 81, 114),
(7141, 81, 52),
(7142, 81, 115),
(7143, 82, 9),
(7144, 82, 72),
(7145, 82, 10),
(7146, 82, 73),
(7147, 82, 11),
(7148, 82, 74),
(7149, 82, 12),
(7150, 82, 75),
(7151, 82, 13),
(7152, 82, 76),
(7153, 82, 14),
(7154, 82, 77),
(7155, 82, 15),
(7156, 82, 78),
(7157, 82, 16),
(7158, 82, 79),
(7159, 82, 17),
(7160, 82, 80),
(7161, 82, 18),
(7162, 82, 81),
(7163, 82, 19),
(7164, 82, 82),
(7165, 82, 20),
(7166, 82, 83),
(7167, 82, 21),
(7168, 82, 84),
(7169, 82, 22),
(7170, 82, 85),
(7171, 82, 23),
(7172, 82, 86),
(7173, 82, 24),
(7174, 82, 87),
(7175, 82, 25),
(7176, 82, 88),
(7177, 82, 26),
(7178, 82, 89),
(7179, 82, 27),
(7180, 82, 90),
(7181, 82, 28),
(7182, 82, 91),
(7183, 82, 29),
(7184, 82, 92),
(7185, 82, 30),
(7186, 82, 93),
(7187, 82, 31),
(7188, 82, 94),
(7189, 82, 32),
(7190, 82, 95);
INSERT INTO `tblcoursestudent` (`courseStudentID`, `courseID`, `studentID`) VALUES
(7191, 82, 33),
(7192, 82, 96),
(7193, 82, 34),
(7194, 82, 97),
(7195, 82, 35),
(7196, 82, 98),
(7197, 82, 36),
(7198, 82, 99),
(7199, 82, 37),
(7200, 82, 100),
(7201, 82, 38),
(7202, 82, 101),
(7203, 82, 39),
(7204, 82, 102),
(7205, 82, 40),
(7206, 82, 103),
(7207, 82, 41),
(7208, 82, 104),
(7209, 82, 42),
(7210, 82, 105),
(7211, 82, 43),
(7212, 82, 106),
(7213, 82, 44),
(7214, 82, 107),
(7215, 82, 45),
(7216, 82, 108),
(7217, 82, 46),
(7218, 82, 109),
(7219, 82, 47),
(7220, 82, 110),
(7221, 82, 48),
(7222, 82, 111),
(7223, 82, 49),
(7224, 82, 112),
(7225, 82, 50),
(7226, 82, 113),
(7227, 82, 51),
(7228, 82, 114),
(7229, 82, 52),
(7230, 82, 115),
(7231, 83, 9),
(7232, 83, 72),
(7233, 83, 10),
(7234, 83, 73),
(7235, 83, 11),
(7236, 83, 74),
(7237, 83, 12),
(7238, 83, 75),
(7239, 83, 13),
(7240, 83, 76),
(7241, 83, 14),
(7242, 83, 77),
(7243, 83, 15),
(7244, 83, 78),
(7245, 83, 16),
(7246, 83, 79),
(7247, 83, 17),
(7248, 83, 80),
(7249, 83, 18),
(7250, 83, 81),
(7251, 83, 19),
(7252, 83, 82),
(7253, 83, 20),
(7254, 83, 83),
(7255, 83, 21),
(7256, 83, 84),
(7257, 83, 22),
(7258, 83, 85),
(7259, 83, 23),
(7260, 83, 86),
(7261, 83, 24),
(7262, 83, 87),
(7263, 83, 25),
(7264, 83, 88),
(7265, 83, 26),
(7266, 83, 89),
(7267, 83, 27),
(7268, 83, 90),
(7269, 83, 28),
(7270, 83, 91),
(7271, 83, 29),
(7272, 83, 92),
(7273, 83, 30),
(7274, 83, 93),
(7275, 83, 31),
(7276, 83, 94),
(7277, 83, 32),
(7278, 83, 95),
(7279, 83, 33),
(7280, 83, 96),
(7281, 83, 34),
(7282, 83, 97),
(7283, 83, 35),
(7284, 83, 98),
(7285, 83, 36),
(7286, 83, 99),
(7287, 83, 37),
(7288, 83, 100),
(7289, 83, 38),
(7290, 83, 101),
(7291, 83, 39),
(7292, 83, 102),
(7293, 83, 40),
(7294, 83, 103),
(7295, 83, 41),
(7296, 83, 104),
(7297, 83, 42),
(7298, 83, 105),
(7299, 83, 43),
(7300, 83, 106),
(7301, 83, 44),
(7302, 83, 107),
(7303, 83, 45),
(7304, 83, 108),
(7305, 83, 46),
(7306, 83, 109),
(7307, 83, 47),
(7308, 83, 110),
(7309, 83, 48),
(7310, 83, 111),
(7311, 83, 49),
(7312, 83, 112),
(7313, 83, 50),
(7314, 83, 113),
(7315, 83, 51),
(7316, 83, 114),
(7317, 83, 52),
(7318, 83, 115),
(7319, 84, 9),
(7320, 84, 72),
(7321, 84, 10),
(7322, 84, 73),
(7323, 84, 11),
(7324, 84, 74),
(7325, 84, 12),
(7326, 84, 75),
(7327, 84, 13),
(7328, 84, 76),
(7329, 84, 14),
(7330, 84, 77),
(7331, 84, 15),
(7332, 84, 78),
(7333, 84, 16),
(7334, 84, 79),
(7335, 84, 17),
(7336, 84, 80),
(7337, 84, 18),
(7338, 84, 81),
(7339, 84, 19),
(7340, 84, 82),
(7341, 84, 20),
(7342, 84, 83),
(7343, 84, 21),
(7344, 84, 84),
(7345, 84, 22),
(7346, 84, 85),
(7347, 84, 23),
(7348, 84, 86),
(7349, 84, 24),
(7350, 84, 87),
(7351, 84, 25),
(7352, 84, 88),
(7353, 84, 26),
(7354, 84, 89),
(7355, 84, 27),
(7356, 84, 90),
(7357, 84, 28),
(7358, 84, 91),
(7359, 84, 29),
(7360, 84, 92),
(7361, 84, 30),
(7362, 84, 93),
(7363, 84, 31),
(7364, 84, 94),
(7365, 84, 32),
(7366, 84, 95),
(7367, 84, 33),
(7368, 84, 96),
(7369, 84, 34),
(7370, 84, 97),
(7371, 84, 35),
(7372, 84, 98),
(7373, 84, 36),
(7374, 84, 99),
(7375, 84, 37),
(7376, 84, 100),
(7377, 84, 38),
(7378, 84, 101),
(7379, 84, 39),
(7380, 84, 102),
(7381, 84, 40),
(7382, 84, 103),
(7383, 84, 41),
(7384, 84, 104),
(7385, 84, 42),
(7386, 84, 105),
(7387, 84, 43),
(7388, 84, 106),
(7389, 84, 44),
(7390, 84, 107),
(7391, 84, 45),
(7392, 84, 108),
(7393, 84, 46),
(7394, 84, 109),
(7395, 84, 47),
(7396, 84, 110),
(7397, 84, 48),
(7398, 84, 111),
(7399, 84, 49),
(7400, 84, 112),
(7401, 84, 50),
(7402, 84, 113),
(7403, 84, 51),
(7404, 84, 114),
(7405, 84, 52),
(7406, 84, 115),
(7407, 85, 9),
(7408, 85, 72),
(7409, 85, 10),
(7410, 85, 73),
(7411, 85, 11),
(7412, 85, 74),
(7413, 85, 12),
(7414, 85, 75),
(7415, 85, 13),
(7416, 85, 76),
(7417, 85, 14),
(7418, 85, 77),
(7419, 85, 15),
(7420, 85, 78),
(7421, 85, 16),
(7422, 85, 79),
(7423, 85, 17),
(7424, 85, 80),
(7425, 85, 18),
(7426, 85, 81),
(7427, 85, 19),
(7428, 85, 82),
(7429, 85, 20),
(7430, 85, 83),
(7431, 85, 21),
(7432, 85, 84),
(7433, 85, 22),
(7434, 85, 85),
(7435, 85, 23),
(7436, 85, 86),
(7437, 85, 24),
(7438, 85, 87),
(7439, 85, 25),
(7440, 85, 88),
(7441, 85, 26),
(7442, 85, 89),
(7443, 85, 27),
(7444, 85, 90),
(7445, 85, 28),
(7446, 85, 91),
(7447, 85, 29),
(7448, 85, 92),
(7449, 85, 30),
(7450, 85, 93),
(7451, 85, 31),
(7452, 85, 94),
(7453, 85, 32),
(7454, 85, 95),
(7455, 85, 33),
(7456, 85, 96),
(7457, 85, 34),
(7458, 85, 97),
(7459, 85, 35),
(7460, 85, 98),
(7461, 85, 36),
(7462, 85, 99),
(7463, 85, 37),
(7464, 85, 100),
(7465, 85, 38),
(7466, 85, 101),
(7467, 85, 39),
(7468, 85, 102),
(7469, 85, 40),
(7470, 85, 103),
(7471, 85, 41),
(7472, 85, 104),
(7473, 85, 42),
(7474, 85, 105),
(7475, 85, 43),
(7476, 85, 106),
(7477, 85, 44),
(7478, 85, 107),
(7479, 85, 45),
(7480, 85, 108),
(7481, 85, 46),
(7482, 85, 109),
(7483, 85, 47),
(7484, 85, 110),
(7485, 85, 48),
(7486, 85, 111),
(7487, 85, 49),
(7488, 85, 112),
(7489, 85, 50),
(7490, 85, 113),
(7491, 85, 51),
(7492, 85, 114),
(7493, 85, 52),
(7494, 85, 115),
(7495, 86, 9),
(7496, 86, 72),
(7497, 86, 10),
(7498, 86, 73),
(7499, 86, 11),
(7500, 86, 74),
(7501, 86, 12),
(7502, 86, 75),
(7503, 86, 13),
(7504, 86, 76),
(7505, 86, 14),
(7506, 86, 77),
(7507, 86, 15),
(7508, 86, 78),
(7509, 86, 16),
(7510, 86, 79),
(7511, 86, 17),
(7512, 86, 80),
(7513, 86, 18),
(7514, 86, 81),
(7515, 86, 19),
(7516, 86, 82),
(7517, 86, 20),
(7518, 86, 83),
(7519, 86, 21),
(7520, 86, 84),
(7521, 86, 22),
(7522, 86, 85),
(7523, 86, 23),
(7524, 86, 86),
(7525, 86, 24),
(7526, 86, 87),
(7527, 86, 25),
(7528, 86, 88),
(7529, 86, 26),
(7530, 86, 89),
(7531, 86, 27),
(7532, 86, 90),
(7533, 86, 28),
(7534, 86, 91),
(7535, 86, 29),
(7536, 86, 92),
(7537, 86, 30),
(7538, 86, 93),
(7539, 86, 31),
(7540, 86, 94),
(7541, 86, 32),
(7542, 86, 95),
(7543, 86, 33),
(7544, 86, 96),
(7545, 86, 34),
(7546, 86, 97),
(7547, 86, 35),
(7548, 86, 98),
(7549, 86, 36),
(7550, 86, 99),
(7551, 86, 37),
(7552, 86, 100),
(7553, 86, 38),
(7554, 86, 101),
(7555, 86, 39),
(7556, 86, 102),
(7557, 86, 40),
(7558, 86, 103),
(7559, 86, 41),
(7560, 86, 104),
(7561, 86, 42),
(7562, 86, 105),
(7563, 86, 43),
(7564, 86, 106),
(7565, 86, 44),
(7566, 86, 107),
(7567, 86, 45),
(7568, 86, 108),
(7569, 86, 46),
(7570, 86, 109),
(7571, 86, 47),
(7572, 86, 110),
(7573, 86, 48),
(7574, 86, 111),
(7575, 86, 49),
(7576, 86, 112),
(7577, 86, 50),
(7578, 86, 113),
(7579, 86, 51),
(7580, 86, 114),
(7581, 86, 52),
(7582, 86, 115),
(7583, 87, 9),
(7584, 87, 72),
(7585, 87, 10),
(7586, 87, 73),
(7587, 87, 11),
(7588, 87, 74),
(7589, 87, 12),
(7590, 87, 75),
(7591, 87, 13),
(7592, 87, 76),
(7593, 87, 14),
(7594, 87, 77),
(7595, 87, 15),
(7596, 87, 78),
(7597, 87, 16),
(7598, 87, 79),
(7599, 87, 17),
(7600, 87, 80),
(7601, 87, 18),
(7602, 87, 81),
(7603, 87, 19),
(7604, 87, 82),
(7605, 87, 20),
(7606, 87, 83),
(7607, 87, 21),
(7608, 87, 84),
(7609, 87, 22),
(7610, 87, 85),
(7611, 87, 23),
(7612, 87, 86),
(7613, 87, 24),
(7614, 87, 87),
(7615, 87, 25),
(7616, 87, 88),
(7617, 87, 26),
(7618, 87, 89),
(7619, 87, 27),
(7620, 87, 90),
(7621, 87, 28),
(7622, 87, 91),
(7623, 87, 29),
(7624, 87, 92),
(7625, 87, 30),
(7626, 87, 93),
(7627, 87, 31),
(7628, 87, 94),
(7629, 87, 32),
(7630, 87, 95),
(7631, 87, 33),
(7632, 87, 96),
(7633, 87, 34),
(7634, 87, 97),
(7635, 87, 35),
(7636, 87, 98),
(7637, 87, 36),
(7638, 87, 99),
(7639, 87, 37),
(7640, 87, 100),
(7641, 87, 38),
(7642, 87, 101),
(7643, 87, 39),
(7644, 87, 102),
(7645, 87, 40),
(7646, 87, 103),
(7647, 87, 41),
(7648, 87, 104),
(7649, 87, 42),
(7650, 87, 105),
(7651, 87, 43),
(7652, 87, 106),
(7653, 87, 44),
(7654, 87, 107),
(7655, 87, 45),
(7656, 87, 108),
(7657, 87, 46),
(7658, 87, 109),
(7659, 87, 47),
(7660, 87, 110),
(7661, 87, 48),
(7662, 87, 111),
(7663, 87, 49),
(7664, 87, 112),
(7665, 87, 50),
(7666, 87, 113),
(7667, 87, 51),
(7668, 87, 114),
(7669, 87, 52),
(7670, 87, 115),
(7671, 88, 9),
(7672, 88, 72),
(7673, 88, 10),
(7674, 88, 73),
(7675, 88, 11),
(7676, 88, 74),
(7677, 88, 12),
(7678, 88, 75),
(7679, 88, 13),
(7680, 88, 76),
(7681, 88, 14),
(7682, 88, 77),
(7683, 88, 15),
(7684, 88, 78),
(7685, 88, 16),
(7686, 88, 79),
(7687, 88, 17),
(7688, 88, 80),
(7689, 88, 18),
(7690, 88, 81),
(7691, 88, 19),
(7692, 88, 82),
(7693, 88, 20),
(7694, 88, 83),
(7695, 88, 21),
(7696, 88, 84),
(7697, 88, 22),
(7698, 88, 85),
(7699, 88, 23),
(7700, 88, 86),
(7701, 88, 24),
(7702, 88, 87),
(7703, 88, 25),
(7704, 88, 88),
(7705, 88, 26),
(7706, 88, 89),
(7707, 88, 27),
(7708, 88, 90),
(7709, 88, 28),
(7710, 88, 91),
(7711, 88, 29),
(7712, 88, 92),
(7713, 88, 30),
(7714, 88, 93),
(7715, 88, 31),
(7716, 88, 94),
(7717, 88, 32),
(7718, 88, 95),
(7719, 88, 33),
(7720, 88, 96),
(7721, 88, 34),
(7722, 88, 97),
(7723, 88, 35),
(7724, 88, 98),
(7725, 88, 36),
(7726, 88, 99),
(7727, 88, 37),
(7728, 88, 100),
(7729, 88, 38),
(7730, 88, 101),
(7731, 88, 39),
(7732, 88, 102),
(7733, 88, 40),
(7734, 88, 103),
(7735, 88, 41),
(7736, 88, 104),
(7737, 88, 42),
(7738, 88, 105),
(7739, 88, 43),
(7740, 88, 106),
(7741, 88, 44),
(7742, 88, 107),
(7743, 88, 45),
(7744, 88, 108),
(7745, 88, 46),
(7746, 88, 109),
(7747, 88, 47),
(7748, 88, 110),
(7749, 88, 48),
(7750, 88, 111),
(7751, 88, 49),
(7752, 88, 112),
(7753, 88, 50),
(7754, 88, 113),
(7755, 88, 51),
(7756, 88, 114),
(7757, 88, 52),
(7758, 88, 115),
(7759, 89, 9),
(7760, 89, 72),
(7761, 89, 10),
(7762, 89, 73),
(7763, 89, 11),
(7764, 89, 74),
(7765, 89, 12),
(7766, 89, 75),
(7767, 89, 13),
(7768, 89, 76),
(7769, 89, 14),
(7770, 89, 77),
(7771, 89, 15),
(7772, 89, 78),
(7773, 89, 16),
(7774, 89, 79),
(7775, 89, 17),
(7776, 89, 80),
(7777, 89, 18),
(7778, 89, 81),
(7779, 89, 19),
(7780, 89, 82),
(7781, 89, 20),
(7782, 89, 83),
(7783, 89, 21),
(7784, 89, 84),
(7785, 89, 22),
(7786, 89, 85),
(7787, 89, 23),
(7788, 89, 86),
(7789, 89, 24),
(7790, 89, 87),
(7791, 89, 25),
(7792, 89, 88),
(7793, 89, 26),
(7794, 89, 89),
(7795, 89, 27),
(7796, 89, 90),
(7797, 89, 28),
(7798, 89, 91),
(7799, 89, 29),
(7800, 89, 92),
(7801, 89, 30),
(7802, 89, 93),
(7803, 89, 31),
(7804, 89, 94),
(7805, 89, 32),
(7806, 89, 95),
(7807, 89, 33),
(7808, 89, 96),
(7809, 89, 34),
(7810, 89, 97),
(7811, 89, 35),
(7812, 89, 98),
(7813, 89, 36),
(7814, 89, 99),
(7815, 89, 37),
(7816, 89, 100),
(7817, 89, 38),
(7818, 89, 101),
(7819, 89, 39),
(7820, 89, 102),
(7821, 89, 40),
(7822, 89, 103),
(7823, 89, 41),
(7824, 89, 104),
(7825, 89, 42),
(7826, 89, 105),
(7827, 89, 43),
(7828, 89, 106),
(7829, 89, 44),
(7830, 89, 107),
(7831, 89, 45),
(7832, 89, 108),
(7833, 89, 46),
(7834, 89, 109),
(7835, 89, 47),
(7836, 89, 110),
(7837, 89, 48),
(7838, 89, 111),
(7839, 89, 49),
(7840, 89, 112),
(7841, 89, 50),
(7842, 89, 113),
(7843, 89, 51),
(7844, 89, 114),
(7845, 89, 52),
(7846, 89, 115),
(7847, 90, 9),
(7848, 90, 72),
(7849, 90, 10),
(7850, 90, 73),
(7851, 90, 11),
(7852, 90, 74),
(7853, 90, 12),
(7854, 90, 75),
(7855, 90, 13),
(7856, 90, 76),
(7857, 90, 14),
(7858, 90, 77),
(7859, 90, 15),
(7860, 90, 78),
(7861, 90, 16),
(7862, 90, 79),
(7863, 90, 17),
(7864, 90, 80),
(7865, 90, 18),
(7866, 90, 81),
(7867, 90, 19),
(7868, 90, 82),
(7869, 90, 20),
(7870, 90, 83),
(7871, 90, 21),
(7872, 90, 84),
(7873, 90, 22),
(7874, 90, 85),
(7875, 90, 23),
(7876, 90, 86),
(7877, 90, 24),
(7878, 90, 87),
(7879, 90, 25),
(7880, 90, 88),
(7881, 90, 26),
(7882, 90, 89),
(7883, 90, 27),
(7884, 90, 90),
(7885, 90, 28),
(7886, 90, 91),
(7887, 90, 29),
(7888, 90, 92),
(7889, 90, 30),
(7890, 90, 93),
(7891, 90, 31),
(7892, 90, 94),
(7893, 90, 32),
(7894, 90, 95),
(7895, 90, 33),
(7896, 90, 96),
(7897, 90, 34),
(7898, 90, 97),
(7899, 90, 35),
(7900, 90, 98),
(7901, 90, 36),
(7902, 90, 99),
(7903, 90, 37),
(7904, 90, 100),
(7905, 90, 38),
(7906, 90, 101),
(7907, 90, 39),
(7908, 90, 102),
(7909, 90, 40),
(7910, 90, 103),
(7911, 90, 41),
(7912, 90, 104),
(7913, 90, 42),
(7914, 90, 105),
(7915, 90, 43),
(7916, 90, 106),
(7917, 90, 44),
(7918, 90, 107),
(7919, 90, 45),
(7920, 90, 108),
(7921, 90, 46),
(7922, 90, 109),
(7923, 90, 47),
(7924, 90, 110),
(7925, 90, 48),
(7926, 90, 111),
(7927, 90, 49),
(7928, 90, 112),
(7929, 90, 50),
(7930, 90, 113),
(7931, 90, 51),
(7932, 90, 114),
(7933, 90, 52),
(7934, 90, 115),
(7935, 91, 9),
(7936, 91, 72),
(7937, 91, 10),
(7938, 91, 73),
(7939, 91, 11),
(7940, 91, 74),
(7941, 91, 12),
(7942, 91, 75),
(7943, 91, 13),
(7944, 91, 76),
(7945, 91, 14),
(7946, 91, 77),
(7947, 91, 15),
(7948, 91, 78),
(7949, 91, 16),
(7950, 91, 79),
(7951, 91, 17),
(7952, 91, 80),
(7953, 91, 18),
(7954, 91, 81),
(7955, 91, 19),
(7956, 91, 82),
(7957, 91, 20),
(7958, 91, 83),
(7959, 91, 21),
(7960, 91, 84),
(7961, 91, 22),
(7962, 91, 85),
(7963, 91, 23),
(7964, 91, 86),
(7965, 91, 24),
(7966, 91, 87),
(7967, 91, 25),
(7968, 91, 88),
(7969, 91, 26),
(7970, 91, 89),
(7971, 91, 27),
(7972, 91, 90),
(7973, 91, 28),
(7974, 91, 91),
(7975, 91, 29),
(7976, 91, 92),
(7977, 91, 30),
(7978, 91, 93),
(7979, 91, 31),
(7980, 91, 94),
(7981, 91, 32),
(7982, 91, 95),
(7983, 91, 33),
(7984, 91, 96),
(7985, 91, 34),
(7986, 91, 97),
(7987, 91, 35),
(7988, 91, 98),
(7989, 91, 36),
(7990, 91, 99),
(7991, 91, 37),
(7992, 91, 100),
(7993, 91, 38),
(7994, 91, 101),
(7995, 91, 39),
(7996, 91, 102),
(7997, 91, 40),
(7998, 91, 103),
(7999, 91, 41),
(8000, 91, 104),
(8001, 91, 42),
(8002, 91, 105),
(8003, 91, 43),
(8004, 91, 106),
(8005, 91, 44),
(8006, 91, 107),
(8007, 91, 45),
(8008, 91, 108),
(8009, 91, 46),
(8010, 91, 109),
(8011, 91, 47),
(8012, 91, 110),
(8013, 91, 48),
(8014, 91, 111),
(8015, 91, 49),
(8016, 91, 112),
(8017, 91, 50),
(8018, 91, 113),
(8019, 91, 51),
(8020, 91, 114),
(8021, 91, 52),
(8022, 91, 115),
(8023, 92, 9),
(8024, 92, 72),
(8025, 92, 10),
(8026, 92, 73),
(8027, 92, 11),
(8028, 92, 74),
(8029, 92, 12),
(8030, 92, 75),
(8031, 92, 13),
(8032, 92, 76),
(8033, 92, 14),
(8034, 92, 77),
(8035, 92, 15),
(8036, 92, 78),
(8037, 92, 16),
(8038, 92, 79),
(8039, 92, 17),
(8040, 92, 80),
(8041, 92, 18),
(8042, 92, 81),
(8043, 92, 19),
(8044, 92, 82),
(8045, 92, 20),
(8046, 92, 83),
(8047, 92, 21),
(8048, 92, 84),
(8049, 92, 22),
(8050, 92, 85),
(8051, 92, 23),
(8052, 92, 86),
(8053, 92, 24),
(8054, 92, 87),
(8055, 92, 25),
(8056, 92, 88),
(8057, 92, 26),
(8058, 92, 89),
(8059, 92, 27),
(8060, 92, 90),
(8061, 92, 28),
(8062, 92, 91),
(8063, 92, 29),
(8064, 92, 92),
(8065, 92, 30),
(8066, 92, 93),
(8067, 92, 31),
(8068, 92, 94),
(8069, 92, 32),
(8070, 92, 95),
(8071, 92, 33),
(8072, 92, 96),
(8073, 92, 34),
(8074, 92, 97),
(8075, 92, 35),
(8076, 92, 98),
(8077, 92, 36),
(8078, 92, 99),
(8079, 92, 37),
(8080, 92, 100),
(8081, 92, 38),
(8082, 92, 101),
(8083, 92, 39),
(8084, 92, 102),
(8085, 92, 40),
(8086, 92, 103),
(8087, 92, 41),
(8088, 92, 104),
(8089, 92, 42),
(8090, 92, 105),
(8091, 92, 43),
(8092, 92, 106),
(8093, 92, 44),
(8094, 92, 107),
(8095, 92, 45),
(8096, 92, 108),
(8097, 92, 46),
(8098, 92, 109),
(8099, 92, 47),
(8100, 92, 110),
(8101, 92, 48),
(8102, 92, 111),
(8103, 92, 49),
(8104, 92, 112),
(8105, 92, 50),
(8106, 92, 113),
(8107, 92, 51),
(8108, 92, 114),
(8109, 92, 52),
(8110, 92, 115),
(8111, 93, 9),
(8112, 93, 72),
(8113, 93, 10),
(8114, 93, 73),
(8115, 93, 11),
(8116, 93, 74),
(8117, 93, 12),
(8118, 93, 75),
(8119, 93, 13),
(8120, 93, 76),
(8121, 93, 14),
(8122, 93, 77),
(8123, 93, 15),
(8124, 93, 78),
(8125, 93, 16),
(8126, 93, 79),
(8127, 93, 17),
(8128, 93, 80),
(8129, 93, 18),
(8130, 93, 81),
(8131, 93, 19),
(8132, 93, 82),
(8133, 93, 20),
(8134, 93, 83),
(8135, 93, 21),
(8136, 93, 84),
(8137, 93, 22),
(8138, 93, 85),
(8139, 93, 23),
(8140, 93, 86),
(8141, 93, 24),
(8142, 93, 87),
(8143, 93, 25),
(8144, 93, 88),
(8145, 93, 26),
(8146, 93, 89),
(8147, 93, 27),
(8148, 93, 90),
(8149, 93, 28),
(8150, 93, 91),
(8151, 93, 29),
(8152, 93, 92),
(8153, 93, 30),
(8154, 93, 93),
(8155, 93, 31),
(8156, 93, 94),
(8157, 93, 32),
(8158, 93, 95),
(8159, 93, 33),
(8160, 93, 96),
(8161, 93, 34),
(8162, 93, 97),
(8163, 93, 35),
(8164, 93, 98),
(8165, 93, 36),
(8166, 93, 99),
(8167, 93, 37),
(8168, 93, 100),
(8169, 93, 38),
(8170, 93, 101),
(8171, 93, 39),
(8172, 93, 102),
(8173, 93, 40),
(8174, 93, 103),
(8175, 93, 41),
(8176, 93, 104),
(8177, 93, 42),
(8178, 93, 105),
(8179, 93, 43),
(8180, 93, 106),
(8181, 93, 44),
(8182, 93, 107),
(8183, 93, 45),
(8184, 93, 108),
(8185, 93, 46),
(8186, 93, 109),
(8187, 93, 47),
(8188, 93, 110),
(8189, 93, 48),
(8190, 93, 111),
(8191, 93, 49),
(8192, 93, 112),
(8193, 93, 50),
(8194, 93, 113),
(8195, 93, 51),
(8196, 93, 114),
(8197, 93, 52),
(8198, 93, 115),
(8199, 94, 9),
(8200, 94, 72),
(8201, 94, 10),
(8202, 94, 73),
(8203, 94, 11),
(8204, 94, 74),
(8205, 94, 12),
(8206, 94, 75),
(8207, 94, 13),
(8208, 94, 76),
(8209, 94, 14),
(8210, 94, 77),
(8211, 94, 15),
(8212, 94, 78),
(8213, 94, 16),
(8214, 94, 79),
(8215, 94, 17),
(8216, 94, 80),
(8217, 94, 18),
(8218, 94, 81),
(8219, 94, 19),
(8220, 94, 82),
(8221, 94, 20),
(8222, 94, 83),
(8223, 94, 21),
(8224, 94, 84),
(8225, 94, 22),
(8226, 94, 85),
(8227, 94, 23),
(8228, 94, 86),
(8229, 94, 24),
(8230, 94, 87),
(8231, 94, 25),
(8232, 94, 88),
(8233, 94, 26),
(8234, 94, 89),
(8235, 94, 27),
(8236, 94, 90),
(8237, 94, 28),
(8238, 94, 91),
(8239, 94, 29),
(8240, 94, 92),
(8241, 94, 30),
(8242, 94, 93),
(8243, 94, 31),
(8244, 94, 94),
(8245, 94, 32),
(8246, 94, 95),
(8247, 94, 33),
(8248, 94, 96),
(8249, 94, 34),
(8250, 94, 97),
(8251, 94, 35),
(8252, 94, 98),
(8253, 94, 36),
(8254, 94, 99),
(8255, 94, 37),
(8256, 94, 100),
(8257, 94, 38),
(8258, 94, 101),
(8259, 94, 39),
(8260, 94, 102),
(8261, 94, 40),
(8262, 94, 103),
(8263, 94, 41),
(8264, 94, 104),
(8265, 94, 42),
(8266, 94, 105),
(8267, 94, 43),
(8268, 94, 106),
(8269, 94, 44),
(8270, 94, 107),
(8271, 94, 45),
(8272, 94, 108),
(8273, 94, 46),
(8274, 94, 109),
(8275, 94, 47),
(8276, 94, 110),
(8277, 94, 48),
(8278, 94, 111),
(8279, 94, 49),
(8280, 94, 112),
(8281, 94, 50),
(8282, 94, 113),
(8283, 94, 51),
(8284, 94, 114),
(8285, 94, 52),
(8286, 94, 115),
(8287, 95, 9),
(8288, 95, 72),
(8289, 95, 10),
(8290, 95, 73),
(8291, 95, 11),
(8292, 95, 74),
(8293, 95, 12),
(8294, 95, 75),
(8295, 95, 13),
(8296, 95, 76),
(8297, 95, 14),
(8298, 95, 77),
(8299, 95, 15),
(8300, 95, 78),
(8301, 95, 16),
(8302, 95, 79),
(8303, 95, 17),
(8304, 95, 80),
(8305, 95, 18),
(8306, 95, 81),
(8307, 95, 19),
(8308, 95, 82),
(8309, 95, 20),
(8310, 95, 83),
(8311, 95, 21),
(8312, 95, 84),
(8313, 95, 22),
(8314, 95, 85),
(8315, 95, 23),
(8316, 95, 86),
(8317, 95, 24),
(8318, 95, 87),
(8319, 95, 25),
(8320, 95, 88),
(8321, 95, 26),
(8322, 95, 89),
(8323, 95, 27),
(8324, 95, 90),
(8325, 95, 28),
(8326, 95, 91),
(8327, 95, 29),
(8328, 95, 92),
(8329, 95, 30),
(8330, 95, 93),
(8331, 95, 31),
(8332, 95, 94),
(8333, 95, 32),
(8334, 95, 95),
(8335, 95, 33),
(8336, 95, 96),
(8337, 95, 34),
(8338, 95, 97),
(8339, 95, 35),
(8340, 95, 98),
(8341, 95, 36),
(8342, 95, 99),
(8343, 95, 37),
(8344, 95, 100),
(8345, 95, 38),
(8346, 95, 101),
(8347, 95, 39),
(8348, 95, 102),
(8349, 95, 40),
(8350, 95, 103),
(8351, 95, 41),
(8352, 95, 104),
(8353, 95, 42),
(8354, 95, 105),
(8355, 95, 43),
(8356, 95, 106),
(8357, 95, 44),
(8358, 95, 107),
(8359, 95, 45),
(8360, 95, 108),
(8361, 95, 46),
(8362, 95, 109),
(8363, 95, 47),
(8364, 95, 110),
(8365, 95, 48),
(8366, 95, 111),
(8367, 95, 49),
(8368, 95, 112),
(8369, 95, 50),
(8370, 95, 113),
(8371, 95, 51),
(8372, 95, 114),
(8373, 95, 52),
(8374, 95, 115),
(8375, 96, 9),
(8376, 96, 72),
(8377, 96, 10),
(8378, 96, 73),
(8379, 96, 11),
(8380, 96, 74),
(8381, 96, 12),
(8382, 96, 75),
(8383, 96, 13),
(8384, 96, 76),
(8385, 96, 14),
(8386, 96, 77),
(8387, 96, 15),
(8388, 96, 78),
(8389, 96, 16),
(8390, 96, 79),
(8391, 96, 17),
(8392, 96, 80),
(8393, 96, 18),
(8394, 96, 81),
(8395, 96, 19),
(8396, 96, 82),
(8397, 96, 20),
(8398, 96, 83),
(8399, 96, 21),
(8400, 96, 84),
(8401, 96, 22),
(8402, 96, 85),
(8403, 96, 23),
(8404, 96, 86),
(8405, 96, 24),
(8406, 96, 87),
(8407, 96, 25),
(8408, 96, 88),
(8409, 96, 26),
(8410, 96, 89),
(8411, 96, 27),
(8412, 96, 90),
(8413, 96, 28),
(8414, 96, 91),
(8415, 96, 29),
(8416, 96, 92),
(8417, 96, 30),
(8418, 96, 93),
(8419, 96, 31),
(8420, 96, 94),
(8421, 96, 32),
(8422, 96, 95),
(8423, 96, 33),
(8424, 96, 96),
(8425, 96, 34),
(8426, 96, 97),
(8427, 96, 35),
(8428, 96, 98),
(8429, 96, 36),
(8430, 96, 99),
(8431, 96, 37),
(8432, 96, 100),
(8433, 96, 38),
(8434, 96, 101),
(8435, 96, 39),
(8436, 96, 102),
(8437, 96, 40),
(8438, 96, 103),
(8439, 96, 41),
(8440, 96, 104),
(8441, 96, 42),
(8442, 96, 105),
(8443, 96, 43),
(8444, 96, 106),
(8445, 96, 44),
(8446, 96, 107),
(8447, 96, 45),
(8448, 96, 108),
(8449, 96, 46),
(8450, 96, 109),
(8451, 96, 47),
(8452, 96, 110),
(8453, 96, 48),
(8454, 96, 111),
(8455, 96, 49),
(8456, 96, 112),
(8457, 96, 50),
(8458, 96, 113),
(8459, 96, 51),
(8460, 96, 114),
(8461, 96, 52),
(8462, 96, 115),
(8463, 97, 9),
(8464, 97, 72),
(8465, 97, 10),
(8466, 97, 73),
(8467, 97, 11),
(8468, 97, 74),
(8469, 97, 12),
(8470, 97, 75),
(8471, 97, 13),
(8472, 97, 76),
(8473, 97, 14),
(8474, 97, 77),
(8475, 97, 15),
(8476, 97, 78),
(8477, 97, 16),
(8478, 97, 79),
(8479, 97, 17),
(8480, 97, 80),
(8481, 97, 18),
(8482, 97, 81),
(8483, 97, 19),
(8484, 97, 82),
(8485, 97, 20),
(8486, 97, 83),
(8487, 97, 21),
(8488, 97, 84),
(8489, 97, 22),
(8490, 97, 85),
(8491, 97, 23),
(8492, 97, 86),
(8493, 97, 24),
(8494, 97, 87),
(8495, 97, 25),
(8496, 97, 88),
(8497, 97, 26),
(8498, 97, 89),
(8499, 97, 27),
(8500, 97, 90),
(8501, 97, 28),
(8502, 97, 91),
(8503, 97, 29),
(8504, 97, 92),
(8505, 97, 30),
(8506, 97, 93),
(8507, 97, 31),
(8508, 97, 94),
(8509, 97, 32),
(8510, 97, 95),
(8511, 97, 33),
(8512, 97, 96),
(8513, 97, 34),
(8514, 97, 97),
(8515, 97, 35),
(8516, 97, 98),
(8517, 97, 36),
(8518, 97, 99),
(8519, 97, 37),
(8520, 97, 100),
(8521, 97, 38),
(8522, 97, 101),
(8523, 97, 39),
(8524, 97, 102),
(8525, 97, 40),
(8526, 97, 103),
(8527, 97, 41),
(8528, 97, 104),
(8529, 97, 42),
(8530, 97, 105),
(8531, 97, 43),
(8532, 97, 106),
(8533, 97, 44),
(8534, 97, 107),
(8535, 97, 45),
(8536, 97, 108),
(8537, 97, 46),
(8538, 97, 109),
(8539, 97, 47),
(8540, 97, 110),
(8541, 97, 48),
(8542, 97, 111),
(8543, 97, 49),
(8544, 97, 112),
(8545, 97, 50),
(8546, 97, 113),
(8547, 97, 51),
(8548, 97, 114),
(8549, 97, 52),
(8550, 97, 115),
(8551, 98, 9),
(8552, 98, 72),
(8553, 98, 10),
(8554, 98, 73),
(8555, 98, 11),
(8556, 98, 74),
(8557, 98, 12),
(8558, 98, 75),
(8559, 98, 13),
(8560, 98, 76),
(8561, 98, 14),
(8562, 98, 77),
(8563, 98, 15),
(8564, 98, 78),
(8565, 98, 16),
(8566, 98, 79),
(8567, 98, 17),
(8568, 98, 80),
(8569, 98, 18),
(8570, 98, 81),
(8571, 98, 19),
(8572, 98, 82),
(8573, 98, 20),
(8574, 98, 83),
(8575, 98, 21),
(8576, 98, 84),
(8577, 98, 22),
(8578, 98, 85),
(8579, 98, 23),
(8580, 98, 86),
(8581, 98, 24),
(8582, 98, 87),
(8583, 98, 25),
(8584, 98, 88),
(8585, 98, 26),
(8586, 98, 89),
(8587, 98, 27),
(8588, 98, 90),
(8589, 98, 28),
(8590, 98, 91),
(8591, 98, 29),
(8592, 98, 92),
(8593, 98, 30),
(8594, 98, 93),
(8595, 98, 31),
(8596, 98, 94),
(8597, 98, 32),
(8598, 98, 95),
(8599, 98, 33),
(8600, 98, 96),
(8601, 98, 34),
(8602, 98, 97),
(8603, 98, 35),
(8604, 98, 98),
(8605, 98, 36),
(8606, 98, 99),
(8607, 98, 37),
(8608, 98, 100),
(8609, 98, 38),
(8610, 98, 101),
(8611, 98, 39),
(8612, 98, 102),
(8613, 98, 40),
(8614, 98, 103),
(8615, 98, 41),
(8616, 98, 104),
(8617, 98, 42),
(8618, 98, 105),
(8619, 98, 43),
(8620, 98, 106),
(8621, 98, 44),
(8622, 98, 107),
(8623, 98, 45),
(8624, 98, 108),
(8625, 98, 46),
(8626, 98, 109),
(8627, 98, 47),
(8628, 98, 110),
(8629, 98, 48),
(8630, 98, 111),
(8631, 98, 49),
(8632, 98, 112),
(8633, 98, 50),
(8634, 98, 113),
(8635, 98, 51),
(8636, 98, 114),
(8637, 98, 52),
(8638, 98, 115),
(8639, 99, 9),
(8640, 99, 72),
(8641, 99, 10),
(8642, 99, 73),
(8643, 99, 11),
(8644, 99, 74),
(8645, 99, 12),
(8646, 99, 75),
(8647, 99, 13),
(8648, 99, 76),
(8649, 99, 14),
(8650, 99, 77),
(8651, 99, 15),
(8652, 99, 78),
(8653, 99, 16),
(8654, 99, 79),
(8655, 99, 17),
(8656, 99, 80),
(8657, 99, 18),
(8658, 99, 81),
(8659, 99, 19),
(8660, 99, 82),
(8661, 99, 20),
(8662, 99, 83),
(8663, 99, 21),
(8664, 99, 84),
(8665, 99, 22),
(8666, 99, 85),
(8667, 99, 23),
(8668, 99, 86),
(8669, 99, 24),
(8670, 99, 87),
(8671, 99, 25),
(8672, 99, 88),
(8673, 99, 26),
(8674, 99, 89),
(8675, 99, 27),
(8676, 99, 90),
(8677, 99, 28),
(8678, 99, 91),
(8679, 99, 29),
(8680, 99, 92),
(8681, 99, 30),
(8682, 99, 93),
(8683, 99, 31),
(8684, 99, 94),
(8685, 99, 32),
(8686, 99, 95),
(8687, 99, 33),
(8688, 99, 96),
(8689, 99, 34),
(8690, 99, 97),
(8691, 99, 35),
(8692, 99, 98),
(8693, 99, 36),
(8694, 99, 99),
(8695, 99, 37),
(8696, 99, 100),
(8697, 99, 38),
(8698, 99, 101),
(8699, 99, 39),
(8700, 99, 102),
(8701, 99, 40),
(8702, 99, 103),
(8703, 99, 41),
(8704, 99, 104),
(8705, 99, 42),
(8706, 99, 105),
(8707, 99, 43),
(8708, 99, 106),
(8709, 99, 44),
(8710, 99, 107),
(8711, 99, 45),
(8712, 99, 108),
(8713, 99, 46),
(8714, 99, 109),
(8715, 99, 47),
(8716, 99, 110),
(8717, 99, 48),
(8718, 99, 111),
(8719, 99, 49),
(8720, 99, 112),
(8721, 99, 50),
(8722, 99, 113),
(8723, 99, 51),
(8724, 99, 114),
(8725, 99, 52),
(8726, 99, 115),
(8727, 100, 9),
(8728, 100, 72),
(8729, 100, 10),
(8730, 100, 73),
(8731, 100, 11),
(8732, 100, 74),
(8733, 100, 12),
(8734, 100, 75),
(8735, 100, 13),
(8736, 100, 76),
(8737, 100, 14),
(8738, 100, 77),
(8739, 100, 15),
(8740, 100, 78),
(8741, 100, 16),
(8742, 100, 79),
(8743, 100, 17),
(8744, 100, 80),
(8745, 100, 18),
(8746, 100, 81),
(8747, 100, 19),
(8748, 100, 82),
(8749, 100, 20),
(8750, 100, 83),
(8751, 100, 21),
(8752, 100, 84),
(8753, 100, 22),
(8754, 100, 85),
(8755, 100, 23),
(8756, 100, 86),
(8757, 100, 24),
(8758, 100, 87),
(8759, 100, 25),
(8760, 100, 88),
(8761, 100, 26),
(8762, 100, 89),
(8763, 100, 27),
(8764, 100, 90),
(8765, 100, 28),
(8766, 100, 91),
(8767, 100, 29),
(8768, 100, 92),
(8769, 100, 30),
(8770, 100, 93),
(8771, 100, 31),
(8772, 100, 94),
(8773, 100, 32),
(8774, 100, 95),
(8775, 100, 33),
(8776, 100, 96),
(8777, 100, 34),
(8778, 100, 97),
(8779, 100, 35),
(8780, 100, 98),
(8781, 100, 36),
(8782, 100, 99),
(8783, 100, 37),
(8784, 100, 100),
(8785, 100, 38),
(8786, 100, 101),
(8787, 100, 39),
(8788, 100, 102),
(8789, 100, 40),
(8790, 100, 103),
(8791, 100, 41),
(8792, 100, 104),
(8793, 100, 42),
(8794, 100, 105),
(8795, 100, 43),
(8796, 100, 106),
(8797, 100, 44),
(8798, 100, 107),
(8799, 100, 45),
(8800, 100, 108),
(8801, 100, 46),
(8802, 100, 109),
(8803, 100, 47),
(8804, 100, 110),
(8805, 100, 48),
(8806, 100, 111),
(8807, 100, 49),
(8808, 100, 112),
(8809, 100, 50),
(8810, 100, 113),
(8811, 100, 51),
(8812, 100, 114),
(8813, 100, 52),
(8814, 100, 115);

-- --------------------------------------------------------

--
-- Table structure for table `tblcourseteacher`
--

CREATE TABLE `tblcourseteacher` (
  `courseTeacherID` bigint(20) NOT NULL,
  `fk_teacherID` bigint(20) NOT NULL,
  `fk_courseID` bigint(20) NOT NULL
) ENGINE=InnoDB DEFAULT CHARSET=utf8mb4 COLLATE=utf8mb4_general_ci;

--
-- Dumping data for table `tblcourseteacher`
--

INSERT INTO `tblcourseteacher` (`courseTeacherID`, `fk_teacherID`, `fk_courseID`) VALUES
(29, 8, 1),
(30, 9, 1),
(31, 10, 1),
(32, 11, 1),
(33, 12, 1),
(34, 13, 1),
(35, 14, 1),
(36, 15, 1),
(37, 16, 1),
(38, 17, 1),
(39, 18, 1),
(40, 19, 1),
(41, 20, 1),
(42, 21, 1),
(43, 22, 1),
(44, 23, 1),
(45, 24, 1),
(46, 25, 1),
(47, 26, 1),
(48, 27, 1),
(49, 28, 1),
(50, 29, 1),
(51, 30, 1),
(52, 31, 1),
(53, 32, 1),
(54, 33, 1),
(55, 34, 1),
(56, 35, 1),
(57, 36, 1),
(58, 37, 1),
(59, 38, 1),
(60, 39, 1),
(61, 40, 1),
(62, 41, 1),
(63, 42, 1),
(64, 43, 1),
(65, 44, 1),
(66, 45, 1),
(67, 46, 1),
(68, 47, 1),
(69, 48, 1),
(70, 49, 1),
(71, 50, 1),
(72, 51, 1),
(73, 52, 1),
(74, 53, 1),
(75, 54, 1),
(76, 55, 1),
(77, 56, 1),
(78, 57, 1),
(79, 58, 1),
(80, 59, 1),
(81, 60, 1),
(82, 61, 1),
(83, 62, 1),
(84, 63, 1),
(85, 8, 2),
(86, 9, 2),
(87, 10, 2),
(88, 11, 2),
(89, 12, 2),
(90, 13, 2),
(91, 14, 2),
(92, 15, 2),
(93, 16, 2),
(94, 17, 2),
(95, 18, 2),
(96, 19, 2),
(97, 20, 2),
(98, 21, 2),
(99, 22, 2),
(100, 23, 2),
(101, 24, 2),
(102, 25, 2),
(103, 26, 2),
(104, 27, 2),
(105, 28, 2),
(106, 29, 2),
(107, 30, 2),
(108, 31, 2),
(109, 32, 2),
(110, 33, 2),
(111, 34, 2),
(112, 35, 2),
(113, 36, 2),
(114, 37, 2),
(115, 38, 2),
(116, 39, 2),
(117, 40, 2),
(118, 41, 2),
(119, 42, 2),
(120, 43, 2),
(121, 44, 2),
(122, 45, 2),
(123, 46, 2),
(124, 47, 2),
(125, 48, 2),
(126, 49, 2),
(127, 50, 2),
(128, 51, 2),
(129, 52, 2),
(130, 53, 2),
(131, 54, 2),
(132, 55, 2),
(133, 56, 2),
(134, 57, 2),
(135, 58, 2),
(136, 59, 2),
(137, 60, 2),
(138, 61, 2),
(139, 62, 2),
(140, 63, 2),
(141, 8, 3),
(142, 9, 3),
(143, 10, 3),
(144, 11, 3),
(145, 12, 3),
(146, 13, 3),
(147, 14, 3),
(148, 15, 3),
(149, 16, 3),
(150, 17, 3),
(151, 18, 3),
(152, 19, 3),
(153, 20, 3),
(154, 21, 3),
(155, 22, 3),
(156, 23, 3),
(157, 24, 3),
(158, 25, 3),
(159, 26, 3),
(160, 27, 3),
(161, 28, 3),
(162, 29, 3),
(163, 30, 3),
(164, 31, 3),
(165, 32, 3),
(166, 33, 3),
(167, 34, 3),
(168, 35, 3),
(169, 36, 3),
(170, 37, 3),
(171, 38, 3),
(172, 39, 3),
(173, 40, 3),
(174, 41, 3),
(175, 42, 3),
(176, 43, 3),
(177, 44, 3),
(178, 45, 3),
(179, 46, 3),
(180, 47, 3),
(181, 48, 3),
(182, 49, 3),
(183, 50, 3),
(184, 51, 3),
(185, 52, 3),
(186, 53, 3),
(187, 54, 3),
(188, 55, 3),
(189, 56, 3),
(190, 57, 3),
(191, 58, 3),
(192, 59, 3),
(193, 60, 3),
(194, 61, 3),
(195, 62, 3),
(196, 63, 3),
(197, 8, 4),
(198, 9, 4),
(199, 10, 4),
(200, 11, 4),
(201, 12, 4),
(202, 13, 4),
(203, 14, 4),
(204, 15, 4),
(205, 16, 4),
(206, 17, 4),
(207, 18, 4),
(208, 19, 4),
(209, 20, 4),
(210, 21, 4),
(211, 22, 4),
(212, 23, 4),
(213, 24, 4),
(214, 25, 4),
(215, 26, 4),
(216, 27, 4),
(217, 28, 4),
(218, 29, 4),
(219, 30, 4),
(220, 31, 4),
(221, 32, 4),
(222, 33, 4),
(223, 34, 4),
(224, 35, 4),
(225, 36, 4),
(226, 37, 4),
(227, 38, 4),
(228, 39, 4),
(229, 40, 4),
(230, 41, 4),
(231, 42, 4),
(232, 43, 4),
(233, 44, 4),
(234, 45, 4),
(235, 46, 4),
(236, 47, 4),
(237, 48, 4),
(238, 49, 4),
(239, 50, 4),
(240, 51, 4),
(241, 52, 4),
(242, 53, 4),
(243, 54, 4),
(244, 55, 4),
(245, 56, 4),
(246, 57, 4),
(247, 58, 4),
(248, 59, 4),
(249, 60, 4),
(250, 61, 4),
(251, 62, 4),
(252, 63, 4),
(253, 8, 5),
(254, 9, 5),
(255, 10, 5),
(256, 11, 5),
(257, 12, 5),
(258, 13, 5),
(259, 14, 5),
(260, 15, 5),
(261, 16, 5),
(262, 17, 5),
(263, 18, 5),
(264, 19, 5),
(265, 20, 5),
(266, 21, 5),
(267, 22, 5),
(268, 23, 5),
(269, 24, 5),
(270, 25, 5),
(271, 26, 5),
(272, 27, 5),
(273, 28, 5),
(274, 29, 5),
(275, 30, 5),
(276, 31, 5),
(277, 32, 5),
(278, 33, 5),
(279, 34, 5),
(280, 35, 5),
(281, 36, 5),
(282, 37, 5),
(283, 38, 5),
(284, 39, 5),
(285, 40, 5),
(286, 41, 5),
(287, 42, 5),
(288, 43, 5),
(289, 44, 5),
(290, 45, 5),
(291, 46, 5),
(292, 47, 5),
(293, 48, 5),
(294, 49, 5),
(295, 50, 5),
(296, 51, 5),
(297, 52, 5),
(298, 53, 5),
(299, 54, 5),
(300, 55, 5),
(301, 56, 5),
(302, 57, 5),
(303, 58, 5),
(304, 59, 5),
(305, 60, 5),
(306, 61, 5),
(307, 62, 5),
(308, 63, 5),
(309, 8, 6),
(310, 9, 6),
(311, 10, 6),
(312, 11, 6),
(313, 12, 6),
(314, 13, 6),
(315, 14, 6),
(316, 15, 6),
(317, 16, 6),
(318, 17, 6),
(319, 18, 6),
(320, 19, 6),
(321, 20, 6),
(322, 21, 6),
(323, 22, 6),
(324, 23, 6),
(325, 24, 6),
(326, 25, 6),
(327, 26, 6),
(328, 27, 6),
(329, 28, 6),
(330, 29, 6),
(331, 30, 6),
(332, 31, 6),
(333, 32, 6),
(334, 33, 6),
(335, 34, 6),
(336, 35, 6),
(337, 36, 6),
(338, 37, 6),
(339, 38, 6),
(340, 39, 6),
(341, 40, 6),
(342, 41, 6),
(343, 42, 6),
(344, 43, 6),
(345, 44, 6),
(346, 45, 6),
(347, 46, 6),
(348, 47, 6),
(349, 48, 6),
(350, 49, 6),
(351, 50, 6),
(352, 51, 6),
(353, 52, 6),
(354, 53, 6),
(355, 54, 6),
(356, 55, 6),
(357, 56, 6),
(358, 57, 6),
(359, 58, 6),
(360, 59, 6),
(361, 60, 6),
(362, 61, 6),
(363, 62, 6),
(364, 63, 6),
(365, 8, 7),
(366, 9, 7),
(367, 10, 7),
(368, 11, 7),
(369, 12, 7),
(370, 13, 7),
(371, 14, 7),
(372, 15, 7),
(373, 16, 7),
(374, 17, 7),
(375, 18, 7),
(376, 19, 7),
(377, 20, 7),
(378, 21, 7),
(379, 22, 7),
(380, 23, 7),
(381, 24, 7),
(382, 25, 7),
(383, 26, 7),
(384, 27, 7),
(385, 28, 7),
(386, 29, 7),
(387, 30, 7),
(388, 31, 7),
(389, 32, 7),
(390, 33, 7),
(391, 34, 7),
(392, 35, 7),
(393, 36, 7),
(394, 37, 7),
(395, 38, 7),
(396, 39, 7),
(397, 40, 7),
(398, 41, 7),
(399, 42, 7),
(400, 43, 7),
(401, 44, 7),
(402, 45, 7),
(403, 46, 7),
(404, 47, 7),
(405, 48, 7),
(406, 49, 7),
(407, 50, 7),
(408, 51, 7),
(409, 52, 7),
(410, 53, 7),
(411, 54, 7),
(412, 55, 7),
(413, 56, 7),
(414, 57, 7),
(415, 58, 7),
(416, 59, 7),
(417, 60, 7),
(418, 61, 7),
(419, 62, 7),
(420, 63, 7),
(421, 8, 8),
(422, 9, 8),
(423, 10, 8),
(424, 11, 8),
(425, 12, 8),
(426, 13, 8),
(427, 14, 8),
(428, 15, 8),
(429, 16, 8),
(430, 17, 8),
(431, 18, 8),
(432, 19, 8),
(433, 20, 8),
(434, 21, 8),
(435, 22, 8),
(436, 23, 8),
(437, 24, 8),
(438, 25, 8),
(439, 26, 8),
(440, 27, 8),
(441, 28, 8),
(442, 29, 8),
(443, 30, 8),
(444, 31, 8),
(445, 32, 8),
(446, 33, 8),
(447, 34, 8),
(448, 35, 8),
(449, 36, 8),
(450, 37, 8),
(451, 38, 8),
(452, 39, 8),
(453, 40, 8),
(454, 41, 8),
(455, 42, 8),
(456, 43, 8),
(457, 44, 8),
(458, 45, 8),
(459, 46, 8),
(460, 47, 8),
(461, 48, 8),
(462, 49, 8),
(463, 50, 8),
(464, 51, 8),
(465, 52, 8),
(466, 53, 8),
(467, 54, 8),
(468, 55, 8),
(469, 56, 8),
(470, 57, 8),
(471, 58, 8),
(472, 59, 8),
(473, 60, 8),
(474, 61, 8),
(475, 62, 8),
(476, 63, 8),
(477, 8, 9),
(478, 9, 9),
(479, 10, 9),
(480, 11, 9),
(481, 12, 9),
(482, 13, 9),
(483, 14, 9),
(484, 15, 9),
(485, 16, 9),
(486, 17, 9),
(487, 18, 9),
(488, 19, 9),
(489, 20, 9),
(490, 21, 9),
(491, 22, 9),
(492, 23, 9),
(493, 24, 9),
(494, 25, 9),
(495, 26, 9),
(496, 27, 9),
(497, 28, 9),
(498, 29, 9),
(499, 30, 9),
(500, 31, 9),
(501, 32, 9),
(502, 33, 9),
(503, 34, 9),
(504, 35, 9),
(505, 36, 9),
(506, 37, 9),
(507, 38, 9),
(508, 39, 9),
(509, 40, 9),
(510, 41, 9),
(511, 42, 9),
(512, 43, 9),
(513, 44, 9),
(514, 45, 9),
(515, 46, 9),
(516, 47, 9),
(517, 48, 9),
(518, 49, 9),
(519, 50, 9),
(520, 51, 9),
(521, 52, 9),
(522, 53, 9),
(523, 54, 9),
(524, 55, 9),
(525, 56, 9),
(526, 57, 9),
(527, 58, 9),
(528, 59, 9),
(529, 60, 9),
(530, 61, 9),
(531, 62, 9),
(532, 63, 9),
(533, 8, 10),
(534, 9, 10),
(535, 10, 10),
(536, 11, 10),
(537, 12, 10),
(538, 13, 10),
(539, 14, 10),
(540, 15, 10),
(541, 16, 10),
(542, 17, 10),
(543, 18, 10),
(544, 19, 10),
(545, 20, 10),
(546, 21, 10),
(547, 22, 10),
(548, 23, 10),
(549, 24, 10),
(550, 25, 10),
(551, 26, 10),
(552, 27, 10),
(553, 28, 10),
(554, 29, 10),
(555, 30, 10),
(556, 31, 10),
(557, 32, 10),
(558, 33, 10),
(559, 34, 10),
(560, 35, 10),
(561, 36, 10),
(562, 37, 10),
(563, 38, 10),
(564, 39, 10),
(565, 40, 10),
(566, 41, 10),
(567, 42, 10),
(568, 43, 10),
(569, 44, 10),
(570, 45, 10),
(571, 46, 10),
(572, 47, 10),
(573, 48, 10),
(574, 49, 10),
(575, 50, 10),
(576, 51, 10),
(577, 52, 10),
(578, 53, 10),
(579, 54, 10),
(580, 55, 10),
(581, 56, 10),
(582, 57, 10),
(583, 58, 10),
(584, 59, 10),
(585, 60, 10),
(586, 61, 10),
(587, 62, 10),
(588, 63, 10),
(589, 8, 11),
(590, 9, 11),
(591, 10, 11),
(592, 11, 11),
(593, 12, 11),
(594, 13, 11),
(595, 14, 11),
(596, 15, 11),
(597, 16, 11),
(598, 17, 11),
(599, 18, 11),
(600, 19, 11),
(601, 20, 11),
(602, 21, 11),
(603, 22, 11),
(604, 23, 11),
(605, 24, 11),
(606, 25, 11),
(607, 26, 11),
(608, 27, 11),
(609, 28, 11),
(610, 29, 11),
(611, 30, 11),
(612, 31, 11),
(613, 32, 11),
(614, 33, 11),
(615, 34, 11),
(616, 35, 11),
(617, 36, 11),
(618, 37, 11),
(619, 38, 11),
(620, 39, 11),
(621, 40, 11),
(622, 41, 11),
(623, 42, 11),
(624, 43, 11),
(625, 44, 11),
(626, 45, 11),
(627, 46, 11),
(628, 47, 11),
(629, 48, 11),
(630, 49, 11),
(631, 50, 11),
(632, 51, 11),
(633, 52, 11),
(634, 53, 11),
(635, 54, 11),
(636, 55, 11),
(637, 56, 11),
(638, 57, 11),
(639, 58, 11),
(640, 59, 11),
(641, 60, 11),
(642, 61, 11),
(643, 62, 11),
(644, 63, 11),
(645, 8, 12),
(646, 9, 12),
(647, 10, 12),
(648, 11, 12),
(649, 12, 12),
(650, 13, 12),
(651, 14, 12),
(652, 15, 12),
(653, 16, 12),
(654, 17, 12),
(655, 18, 12),
(656, 19, 12),
(657, 20, 12),
(658, 21, 12),
(659, 22, 12),
(660, 23, 12),
(661, 24, 12),
(662, 25, 12),
(663, 26, 12),
(664, 27, 12),
(665, 28, 12),
(666, 29, 12),
(667, 30, 12),
(668, 31, 12),
(669, 32, 12),
(670, 33, 12),
(671, 34, 12),
(672, 35, 12),
(673, 36, 12),
(674, 37, 12),
(675, 38, 12),
(676, 39, 12),
(677, 40, 12),
(678, 41, 12),
(679, 42, 12),
(680, 43, 12),
(681, 44, 12),
(682, 45, 12),
(683, 46, 12),
(684, 47, 12),
(685, 48, 12),
(686, 49, 12),
(687, 50, 12),
(688, 51, 12),
(689, 52, 12),
(690, 53, 12),
(691, 54, 12),
(692, 55, 12),
(693, 56, 12),
(694, 57, 12),
(695, 58, 12),
(696, 59, 12),
(697, 60, 12),
(698, 61, 12),
(699, 62, 12),
(700, 63, 12),
(701, 8, 13),
(702, 9, 13),
(703, 10, 13),
(704, 11, 13),
(705, 12, 13),
(706, 13, 13),
(707, 14, 13),
(708, 15, 13),
(709, 16, 13),
(710, 17, 13),
(711, 18, 13),
(712, 19, 13),
(713, 20, 13),
(714, 21, 13),
(715, 22, 13),
(716, 23, 13),
(717, 24, 13),
(718, 25, 13),
(719, 26, 13),
(720, 27, 13),
(721, 28, 13),
(722, 29, 13),
(723, 30, 13),
(724, 31, 13),
(725, 32, 13),
(726, 33, 13),
(727, 34, 13),
(728, 35, 13),
(729, 36, 13),
(730, 37, 13),
(731, 38, 13),
(732, 39, 13),
(733, 40, 13),
(734, 41, 13),
(735, 42, 13),
(736, 43, 13),
(737, 44, 13),
(738, 45, 13),
(739, 46, 13),
(740, 47, 13),
(741, 48, 13),
(742, 49, 13),
(743, 50, 13),
(744, 51, 13),
(745, 52, 13),
(746, 53, 13),
(747, 54, 13),
(748, 55, 13),
(749, 56, 13),
(750, 57, 13),
(751, 58, 13),
(752, 59, 13),
(753, 60, 13),
(754, 61, 13),
(755, 62, 13),
(756, 63, 13),
(757, 8, 14),
(758, 9, 14),
(759, 10, 14),
(760, 11, 14),
(761, 12, 14),
(762, 13, 14),
(763, 14, 14),
(764, 15, 14),
(765, 16, 14),
(766, 17, 14),
(767, 18, 14),
(768, 19, 14),
(769, 20, 14),
(770, 21, 14),
(771, 22, 14),
(772, 23, 14),
(773, 24, 14),
(774, 25, 14),
(775, 26, 14),
(776, 27, 14),
(777, 28, 14),
(778, 29, 14),
(779, 30, 14),
(780, 31, 14),
(781, 32, 14),
(782, 33, 14),
(783, 34, 14),
(784, 35, 14),
(785, 36, 14),
(786, 37, 14),
(787, 38, 14),
(788, 39, 14),
(789, 40, 14),
(790, 41, 14),
(791, 42, 14),
(792, 43, 14),
(793, 44, 14),
(794, 45, 14),
(795, 46, 14),
(796, 47, 14),
(797, 48, 14),
(798, 49, 14),
(799, 50, 14),
(800, 51, 14),
(801, 52, 14),
(802, 53, 14),
(803, 54, 14),
(804, 55, 14),
(805, 56, 14),
(806, 57, 14),
(807, 58, 14),
(808, 59, 14),
(809, 60, 14),
(810, 61, 14),
(811, 62, 14),
(812, 63, 14),
(813, 8, 15),
(814, 9, 15),
(815, 10, 15),
(816, 11, 15),
(817, 12, 15),
(818, 13, 15),
(819, 14, 15),
(820, 15, 15),
(821, 16, 15),
(822, 17, 15),
(823, 18, 15),
(824, 19, 15),
(825, 20, 15),
(826, 21, 15),
(827, 22, 15),
(828, 23, 15),
(829, 24, 15),
(830, 25, 15),
(831, 26, 15),
(832, 27, 15),
(833, 28, 15),
(834, 29, 15),
(835, 30, 15),
(836, 31, 15),
(837, 32, 15),
(838, 33, 15),
(839, 34, 15),
(840, 35, 15),
(841, 36, 15),
(842, 37, 15),
(843, 38, 15),
(844, 39, 15),
(845, 40, 15),
(846, 41, 15),
(847, 42, 15),
(848, 43, 15),
(849, 44, 15),
(850, 45, 15),
(851, 46, 15),
(852, 47, 15),
(853, 48, 15),
(854, 49, 15),
(855, 50, 15),
(856, 51, 15),
(857, 52, 15),
(858, 53, 15),
(859, 54, 15),
(860, 55, 15),
(861, 56, 15),
(862, 57, 15),
(863, 58, 15),
(864, 59, 15),
(865, 60, 15),
(866, 61, 15),
(867, 62, 15),
(868, 63, 15),
(869, 8, 16),
(870, 9, 16),
(871, 10, 16),
(872, 11, 16),
(873, 12, 16),
(874, 13, 16),
(875, 14, 16),
(876, 15, 16),
(877, 16, 16),
(878, 17, 16),
(879, 18, 16),
(880, 19, 16),
(881, 20, 16),
(882, 21, 16),
(883, 22, 16),
(884, 23, 16),
(885, 24, 16),
(886, 25, 16),
(887, 26, 16),
(888, 27, 16),
(889, 28, 16),
(890, 29, 16),
(891, 30, 16),
(892, 31, 16),
(893, 32, 16),
(894, 33, 16),
(895, 34, 16),
(896, 35, 16),
(897, 36, 16),
(898, 37, 16),
(899, 38, 16),
(900, 39, 16),
(901, 40, 16),
(902, 41, 16),
(903, 42, 16),
(904, 43, 16),
(905, 44, 16),
(906, 45, 16),
(907, 46, 16),
(908, 47, 16),
(909, 48, 16),
(910, 49, 16),
(911, 50, 16),
(912, 51, 16),
(913, 52, 16),
(914, 53, 16),
(915, 54, 16),
(916, 55, 16),
(917, 56, 16),
(918, 57, 16),
(919, 58, 16),
(920, 59, 16),
(921, 60, 16),
(922, 61, 16),
(923, 62, 16),
(924, 63, 16),
(925, 8, 17),
(926, 9, 17),
(927, 10, 17),
(928, 11, 17),
(929, 12, 17),
(930, 13, 17),
(931, 14, 17),
(932, 15, 17),
(933, 16, 17),
(934, 17, 17),
(935, 18, 17),
(936, 19, 17),
(937, 20, 17),
(938, 21, 17),
(939, 22, 17),
(940, 23, 17),
(941, 24, 17),
(942, 25, 17),
(943, 26, 17),
(944, 27, 17),
(945, 28, 17),
(946, 29, 17),
(947, 30, 17),
(948, 31, 17),
(949, 32, 17),
(950, 33, 17),
(951, 34, 17),
(952, 35, 17),
(953, 36, 17),
(954, 37, 17),
(955, 38, 17),
(956, 39, 17),
(957, 40, 17),
(958, 41, 17),
(959, 42, 17),
(960, 43, 17),
(961, 44, 17),
(962, 45, 17),
(963, 46, 17),
(964, 47, 17),
(965, 48, 17),
(966, 49, 17),
(967, 50, 17),
(968, 51, 17),
(969, 52, 17),
(970, 53, 17),
(971, 54, 17),
(972, 55, 17),
(973, 56, 17),
(974, 57, 17),
(975, 58, 17),
(976, 59, 17),
(977, 60, 17),
(978, 61, 17),
(979, 62, 17),
(980, 63, 17),
(981, 8, 18),
(982, 9, 18),
(983, 10, 18),
(984, 11, 18),
(985, 12, 18),
(986, 13, 18),
(987, 14, 18),
(988, 15, 18),
(989, 16, 18),
(990, 17, 18),
(991, 18, 18),
(992, 19, 18),
(993, 20, 18),
(994, 21, 18),
(995, 22, 18),
(996, 23, 18),
(997, 24, 18),
(998, 25, 18),
(999, 26, 18),
(1000, 27, 18),
(1001, 28, 18),
(1002, 29, 18),
(1003, 30, 18),
(1004, 31, 18),
(1005, 32, 18),
(1006, 33, 18),
(1007, 34, 18),
(1008, 35, 18),
(1009, 36, 18),
(1010, 37, 18),
(1011, 38, 18),
(1012, 39, 18),
(1013, 40, 18),
(1014, 41, 18),
(1015, 42, 18),
(1016, 43, 18),
(1017, 44, 18),
(1018, 45, 18),
(1019, 46, 18),
(1020, 47, 18),
(1021, 48, 18),
(1022, 49, 18),
(1023, 50, 18),
(1024, 51, 18),
(1025, 52, 18),
(1026, 53, 18),
(1027, 54, 18),
(1028, 55, 18),
(1029, 56, 18),
(1030, 57, 18),
(1031, 58, 18),
(1032, 59, 18),
(1033, 60, 18),
(1034, 61, 18),
(1035, 62, 18),
(1036, 63, 18),
(1037, 8, 19),
(1038, 9, 19),
(1039, 10, 19),
(1040, 11, 19),
(1041, 12, 19),
(1042, 13, 19),
(1043, 14, 19),
(1044, 15, 19),
(1045, 16, 19),
(1046, 17, 19),
(1047, 18, 19),
(1048, 19, 19),
(1049, 20, 19),
(1050, 21, 19),
(1051, 22, 19),
(1052, 23, 19),
(1053, 24, 19),
(1054, 25, 19),
(1055, 26, 19),
(1056, 27, 19),
(1057, 28, 19),
(1058, 29, 19),
(1059, 30, 19),
(1060, 31, 19),
(1061, 32, 19),
(1062, 33, 19),
(1063, 34, 19),
(1064, 35, 19),
(1065, 36, 19),
(1066, 37, 19),
(1067, 38, 19),
(1068, 39, 19),
(1069, 40, 19),
(1070, 41, 19),
(1071, 42, 19),
(1072, 43, 19),
(1073, 44, 19),
(1074, 45, 19),
(1075, 46, 19),
(1076, 47, 19),
(1077, 48, 19),
(1078, 49, 19),
(1079, 50, 19),
(1080, 51, 19),
(1081, 52, 19),
(1082, 53, 19),
(1083, 54, 19),
(1084, 55, 19),
(1085, 56, 19),
(1086, 57, 19),
(1087, 58, 19),
(1088, 59, 19),
(1089, 60, 19),
(1090, 61, 19),
(1091, 62, 19),
(1092, 63, 19),
(1093, 8, 20),
(1094, 9, 20),
(1095, 10, 20),
(1096, 11, 20),
(1097, 12, 20),
(1098, 13, 20),
(1099, 14, 20),
(1100, 15, 20),
(1101, 16, 20),
(1102, 17, 20),
(1103, 18, 20),
(1104, 19, 20),
(1105, 20, 20),
(1106, 21, 20),
(1107, 22, 20),
(1108, 23, 20),
(1109, 24, 20),
(1110, 25, 20),
(1111, 26, 20),
(1112, 27, 20),
(1113, 28, 20),
(1114, 29, 20),
(1115, 30, 20),
(1116, 31, 20),
(1117, 32, 20),
(1118, 33, 20),
(1119, 34, 20),
(1120, 35, 20),
(1121, 36, 20),
(1122, 37, 20),
(1123, 38, 20),
(1124, 39, 20),
(1125, 40, 20),
(1126, 41, 20),
(1127, 42, 20),
(1128, 43, 20),
(1129, 44, 20),
(1130, 45, 20),
(1131, 46, 20),
(1132, 47, 20),
(1133, 48, 20),
(1134, 49, 20),
(1135, 50, 20),
(1136, 51, 20),
(1137, 52, 20),
(1138, 53, 20),
(1139, 54, 20),
(1140, 55, 20),
(1141, 56, 20),
(1142, 57, 20),
(1143, 58, 20),
(1144, 59, 20),
(1145, 60, 20),
(1146, 61, 20),
(1147, 62, 20),
(1148, 63, 20),
(1149, 8, 21),
(1150, 9, 21),
(1151, 10, 21),
(1152, 11, 21),
(1153, 12, 21),
(1154, 13, 21),
(1155, 14, 21),
(1156, 15, 21),
(1157, 16, 21),
(1158, 17, 21),
(1159, 18, 21),
(1160, 19, 21),
(1161, 20, 21),
(1162, 21, 21),
(1163, 22, 21),
(1164, 23, 21),
(1165, 24, 21),
(1166, 25, 21),
(1167, 26, 21),
(1168, 27, 21),
(1169, 28, 21),
(1170, 29, 21),
(1171, 30, 21),
(1172, 31, 21),
(1173, 32, 21),
(1174, 33, 21),
(1175, 34, 21),
(1176, 35, 21),
(1177, 36, 21),
(1178, 37, 21),
(1179, 38, 21),
(1180, 39, 21),
(1181, 40, 21),
(1182, 41, 21),
(1183, 42, 21),
(1184, 43, 21),
(1185, 44, 21),
(1186, 45, 21),
(1187, 46, 21),
(1188, 47, 21),
(1189, 48, 21),
(1190, 49, 21),
(1191, 50, 21),
(1192, 51, 21),
(1193, 52, 21),
(1194, 53, 21),
(1195, 54, 21),
(1196, 55, 21),
(1197, 56, 21),
(1198, 57, 21),
(1199, 58, 21),
(1200, 59, 21),
(1201, 60, 21),
(1202, 61, 21),
(1203, 62, 21),
(1204, 63, 21),
(1205, 8, 22),
(1206, 9, 22),
(1207, 10, 22),
(1208, 11, 22),
(1209, 12, 22),
(1210, 13, 22),
(1211, 14, 22),
(1212, 15, 22),
(1213, 16, 22),
(1214, 17, 22),
(1215, 18, 22),
(1216, 19, 22),
(1217, 20, 22),
(1218, 21, 22),
(1219, 22, 22),
(1220, 23, 22),
(1221, 24, 22),
(1222, 25, 22),
(1223, 26, 22),
(1224, 27, 22),
(1225, 28, 22),
(1226, 29, 22),
(1227, 30, 22),
(1228, 31, 22),
(1229, 32, 22),
(1230, 33, 22),
(1231, 34, 22),
(1232, 35, 22),
(1233, 36, 22),
(1234, 37, 22),
(1235, 38, 22),
(1236, 39, 22),
(1237, 40, 22),
(1238, 41, 22),
(1239, 42, 22),
(1240, 43, 22),
(1241, 44, 22),
(1242, 45, 22),
(1243, 46, 22),
(1244, 47, 22),
(1245, 48, 22),
(1246, 49, 22),
(1247, 50, 22),
(1248, 51, 22),
(1249, 52, 22),
(1250, 53, 22),
(1251, 54, 22),
(1252, 55, 22),
(1253, 56, 22),
(1254, 57, 22),
(1255, 58, 22),
(1256, 59, 22),
(1257, 60, 22),
(1258, 61, 22),
(1259, 62, 22),
(1260, 63, 22),
(1261, 8, 23),
(1262, 9, 23),
(1263, 10, 23),
(1264, 11, 23),
(1265, 12, 23),
(1266, 13, 23),
(1267, 14, 23),
(1268, 15, 23),
(1269, 16, 23),
(1270, 17, 23),
(1271, 18, 23),
(1272, 19, 23),
(1273, 20, 23),
(1274, 21, 23),
(1275, 22, 23),
(1276, 23, 23),
(1277, 24, 23),
(1278, 25, 23),
(1279, 26, 23),
(1280, 27, 23),
(1281, 28, 23),
(1282, 29, 23),
(1283, 30, 23),
(1284, 31, 23),
(1285, 32, 23),
(1286, 33, 23),
(1287, 34, 23),
(1288, 35, 23),
(1289, 36, 23),
(1290, 37, 23),
(1291, 38, 23),
(1292, 39, 23),
(1293, 40, 23),
(1294, 41, 23),
(1295, 42, 23),
(1296, 43, 23),
(1297, 44, 23),
(1298, 45, 23),
(1299, 46, 23),
(1300, 47, 23),
(1301, 48, 23),
(1302, 49, 23),
(1303, 50, 23),
(1304, 51, 23),
(1305, 52, 23),
(1306, 53, 23),
(1307, 54, 23),
(1308, 55, 23),
(1309, 56, 23),
(1310, 57, 23),
(1311, 58, 23),
(1312, 59, 23),
(1313, 60, 23),
(1314, 61, 23),
(1315, 62, 23),
(1316, 63, 23),
(1317, 8, 24),
(1318, 9, 24),
(1319, 10, 24),
(1320, 11, 24),
(1321, 12, 24),
(1322, 13, 24),
(1323, 14, 24),
(1324, 15, 24),
(1325, 16, 24),
(1326, 17, 24),
(1327, 18, 24),
(1328, 19, 24),
(1329, 20, 24),
(1330, 21, 24),
(1331, 22, 24),
(1332, 23, 24),
(1333, 24, 24),
(1334, 25, 24),
(1335, 26, 24),
(1336, 27, 24),
(1337, 28, 24),
(1338, 29, 24),
(1339, 30, 24),
(1340, 31, 24),
(1341, 32, 24),
(1342, 33, 24),
(1343, 34, 24),
(1344, 35, 24),
(1345, 36, 24),
(1346, 37, 24),
(1347, 38, 24),
(1348, 39, 24),
(1349, 40, 24),
(1350, 41, 24),
(1351, 42, 24),
(1352, 43, 24),
(1353, 44, 24),
(1354, 45, 24),
(1355, 46, 24),
(1356, 47, 24),
(1357, 48, 24),
(1358, 49, 24),
(1359, 50, 24),
(1360, 51, 24),
(1361, 52, 24),
(1362, 53, 24),
(1363, 54, 24),
(1364, 55, 24),
(1365, 56, 24),
(1366, 57, 24),
(1367, 58, 24),
(1368, 59, 24),
(1369, 60, 24),
(1370, 61, 24),
(1371, 62, 24),
(1372, 63, 24),
(1373, 8, 25),
(1374, 9, 25),
(1375, 10, 25),
(1376, 11, 25),
(1377, 12, 25),
(1378, 13, 25),
(1379, 14, 25),
(1380, 15, 25),
(1381, 16, 25),
(1382, 17, 25),
(1383, 18, 25),
(1384, 19, 25),
(1385, 20, 25),
(1386, 21, 25),
(1387, 22, 25),
(1388, 23, 25),
(1389, 24, 25),
(1390, 25, 25),
(1391, 26, 25),
(1392, 27, 25),
(1393, 28, 25),
(1394, 29, 25),
(1395, 30, 25),
(1396, 31, 25),
(1397, 32, 25),
(1398, 33, 25),
(1399, 34, 25),
(1400, 35, 25),
(1401, 36, 25),
(1402, 37, 25),
(1403, 38, 25),
(1404, 39, 25),
(1405, 40, 25),
(1406, 41, 25),
(1407, 42, 25),
(1408, 43, 25),
(1409, 44, 25),
(1410, 45, 25),
(1411, 46, 25),
(1412, 47, 25),
(1413, 48, 25),
(1414, 49, 25),
(1415, 50, 25),
(1416, 51, 25),
(1417, 52, 25),
(1418, 53, 25),
(1419, 54, 25),
(1420, 55, 25),
(1421, 56, 25),
(1422, 57, 25),
(1423, 58, 25),
(1424, 59, 25),
(1425, 60, 25),
(1426, 61, 25),
(1427, 62, 25),
(1428, 63, 25),
(1429, 8, 26),
(1430, 9, 26),
(1431, 10, 26),
(1432, 11, 26),
(1433, 12, 26),
(1434, 13, 26),
(1435, 14, 26),
(1436, 15, 26),
(1437, 16, 26),
(1438, 17, 26),
(1439, 18, 26),
(1440, 19, 26),
(1441, 20, 26),
(1442, 21, 26),
(1443, 22, 26),
(1444, 23, 26),
(1445, 24, 26),
(1446, 25, 26),
(1447, 26, 26),
(1448, 27, 26),
(1449, 28, 26),
(1450, 29, 26),
(1451, 30, 26),
(1452, 31, 26),
(1453, 32, 26),
(1454, 33, 26),
(1455, 34, 26),
(1456, 35, 26),
(1457, 36, 26),
(1458, 37, 26),
(1459, 38, 26),
(1460, 39, 26),
(1461, 40, 26),
(1462, 41, 26),
(1463, 42, 26),
(1464, 43, 26),
(1465, 44, 26),
(1466, 45, 26),
(1467, 46, 26),
(1468, 47, 26),
(1469, 48, 26),
(1470, 49, 26),
(1471, 50, 26),
(1472, 51, 26),
(1473, 52, 26),
(1474, 53, 26),
(1475, 54, 26),
(1476, 55, 26),
(1477, 56, 26),
(1478, 57, 26),
(1479, 58, 26),
(1480, 59, 26),
(1481, 60, 26),
(1482, 61, 26),
(1483, 62, 26),
(1484, 63, 26),
(1485, 8, 27),
(1486, 9, 27),
(1487, 10, 27),
(1488, 11, 27),
(1489, 12, 27),
(1490, 13, 27),
(1491, 14, 27),
(1492, 15, 27),
(1493, 16, 27),
(1494, 17, 27),
(1495, 18, 27),
(1496, 19, 27),
(1497, 20, 27),
(1498, 21, 27),
(1499, 22, 27),
(1500, 23, 27),
(1501, 24, 27),
(1502, 25, 27),
(1503, 26, 27),
(1504, 27, 27),
(1505, 28, 27),
(1506, 29, 27),
(1507, 30, 27),
(1508, 31, 27),
(1509, 32, 27),
(1510, 33, 27),
(1511, 34, 27),
(1512, 35, 27),
(1513, 36, 27),
(1514, 37, 27),
(1515, 38, 27),
(1516, 39, 27),
(1517, 40, 27),
(1518, 41, 27),
(1519, 42, 27),
(1520, 43, 27),
(1521, 44, 27),
(1522, 45, 27),
(1523, 46, 27),
(1524, 47, 27),
(1525, 48, 27),
(1526, 49, 27),
(1527, 50, 27),
(1528, 51, 27),
(1529, 52, 27),
(1530, 53, 27),
(1531, 54, 27),
(1532, 55, 27),
(1533, 56, 27),
(1534, 57, 27),
(1535, 58, 27),
(1536, 59, 27),
(1537, 60, 27),
(1538, 61, 27),
(1539, 62, 27),
(1540, 63, 27),
(1541, 8, 28),
(1542, 9, 28),
(1543, 10, 28),
(1544, 11, 28),
(1545, 12, 28),
(1546, 13, 28),
(1547, 14, 28),
(1548, 15, 28),
(1549, 16, 28),
(1550, 17, 28),
(1551, 18, 28),
(1552, 19, 28),
(1553, 20, 28),
(1554, 21, 28),
(1555, 22, 28),
(1556, 23, 28),
(1557, 24, 28),
(1558, 25, 28),
(1559, 26, 28),
(1560, 27, 28),
(1561, 28, 28),
(1562, 29, 28),
(1563, 30, 28),
(1564, 31, 28),
(1565, 32, 28),
(1566, 33, 28),
(1567, 34, 28),
(1568, 35, 28),
(1569, 36, 28),
(1570, 37, 28),
(1571, 38, 28),
(1572, 39, 28),
(1573, 40, 28),
(1574, 41, 28),
(1575, 42, 28),
(1576, 43, 28),
(1577, 44, 28),
(1578, 45, 28),
(1579, 46, 28),
(1580, 47, 28),
(1581, 48, 28),
(1582, 49, 28),
(1583, 50, 28),
(1584, 51, 28),
(1585, 52, 28),
(1586, 53, 28),
(1587, 54, 28),
(1588, 55, 28),
(1589, 56, 28),
(1590, 57, 28),
(1591, 58, 28),
(1592, 59, 28),
(1593, 60, 28),
(1594, 61, 28),
(1595, 62, 28),
(1596, 63, 28),
(1597, 8, 29),
(1598, 9, 29),
(1599, 10, 29),
(1600, 11, 29),
(1601, 12, 29),
(1602, 13, 29),
(1603, 14, 29),
(1604, 15, 29),
(1605, 16, 29),
(1606, 17, 29),
(1607, 18, 29),
(1608, 19, 29),
(1609, 20, 29),
(1610, 21, 29),
(1611, 22, 29),
(1612, 23, 29),
(1613, 24, 29),
(1614, 25, 29),
(1615, 26, 29),
(1616, 27, 29),
(1617, 28, 29),
(1618, 29, 29),
(1619, 30, 29),
(1620, 31, 29),
(1621, 32, 29),
(1622, 33, 29),
(1623, 34, 29),
(1624, 35, 29),
(1625, 36, 29),
(1626, 37, 29),
(1627, 38, 29),
(1628, 39, 29),
(1629, 40, 29),
(1630, 41, 29),
(1631, 42, 29),
(1632, 43, 29),
(1633, 44, 29),
(1634, 45, 29),
(1635, 46, 29),
(1636, 47, 29),
(1637, 48, 29),
(1638, 49, 29),
(1639, 50, 29),
(1640, 51, 29),
(1641, 52, 29),
(1642, 53, 29),
(1643, 54, 29),
(1644, 55, 29),
(1645, 56, 29),
(1646, 57, 29),
(1647, 58, 29),
(1648, 59, 29),
(1649, 60, 29),
(1650, 61, 29),
(1651, 62, 29),
(1652, 63, 29),
(1653, 8, 30),
(1654, 9, 30),
(1655, 10, 30),
(1656, 11, 30),
(1657, 12, 30),
(1658, 13, 30),
(1659, 14, 30),
(1660, 15, 30),
(1661, 16, 30),
(1662, 17, 30),
(1663, 18, 30),
(1664, 19, 30),
(1665, 20, 30),
(1666, 21, 30),
(1667, 22, 30),
(1668, 23, 30),
(1669, 24, 30),
(1670, 25, 30),
(1671, 26, 30),
(1672, 27, 30),
(1673, 28, 30),
(1674, 29, 30),
(1675, 30, 30),
(1676, 31, 30),
(1677, 32, 30),
(1678, 33, 30),
(1679, 34, 30),
(1680, 35, 30),
(1681, 36, 30),
(1682, 37, 30),
(1683, 38, 30),
(1684, 39, 30),
(1685, 40, 30),
(1686, 41, 30),
(1687, 42, 30),
(1688, 43, 30),
(1689, 44, 30),
(1690, 45, 30),
(1691, 46, 30),
(1692, 47, 30),
(1693, 48, 30),
(1694, 49, 30),
(1695, 50, 30),
(1696, 51, 30),
(1697, 52, 30),
(1698, 53, 30),
(1699, 54, 30),
(1700, 55, 30),
(1701, 56, 30),
(1702, 57, 30),
(1703, 58, 30),
(1704, 59, 30),
(1705, 60, 30),
(1706, 61, 30),
(1707, 62, 30),
(1708, 63, 30),
(1709, 8, 31),
(1710, 9, 31),
(1711, 10, 31),
(1712, 11, 31),
(1713, 12, 31),
(1714, 13, 31),
(1715, 14, 31),
(1716, 15, 31),
(1717, 16, 31),
(1718, 17, 31),
(1719, 18, 31),
(1720, 19, 31),
(1721, 20, 31),
(1722, 21, 31),
(1723, 22, 31),
(1724, 23, 31),
(1725, 24, 31),
(1726, 25, 31),
(1727, 26, 31),
(1728, 27, 31),
(1729, 28, 31),
(1730, 29, 31),
(1731, 30, 31),
(1732, 31, 31),
(1733, 32, 31),
(1734, 33, 31),
(1735, 34, 31),
(1736, 35, 31),
(1737, 36, 31),
(1738, 37, 31),
(1739, 38, 31),
(1740, 39, 31),
(1741, 40, 31),
(1742, 41, 31),
(1743, 42, 31),
(1744, 43, 31),
(1745, 44, 31),
(1746, 45, 31),
(1747, 46, 31),
(1748, 47, 31),
(1749, 48, 31),
(1750, 49, 31),
(1751, 50, 31),
(1752, 51, 31),
(1753, 52, 31),
(1754, 53, 31),
(1755, 54, 31),
(1756, 55, 31),
(1757, 56, 31),
(1758, 57, 31),
(1759, 58, 31),
(1760, 59, 31),
(1761, 60, 31),
(1762, 61, 31),
(1763, 62, 31),
(1764, 63, 31),
(1765, 8, 32),
(1766, 9, 32),
(1767, 10, 32),
(1768, 11, 32),
(1769, 12, 32),
(1770, 13, 32),
(1771, 14, 32),
(1772, 15, 32),
(1773, 16, 32),
(1774, 17, 32),
(1775, 18, 32),
(1776, 19, 32),
(1777, 20, 32),
(1778, 21, 32),
(1779, 22, 32),
(1780, 23, 32),
(1781, 24, 32),
(1782, 25, 32),
(1783, 26, 32),
(1784, 27, 32),
(1785, 28, 32),
(1786, 29, 32),
(1787, 30, 32),
(1788, 31, 32),
(1789, 32, 32),
(1790, 33, 32),
(1791, 34, 32),
(1792, 35, 32),
(1793, 36, 32),
(1794, 37, 32),
(1795, 38, 32),
(1796, 39, 32),
(1797, 40, 32),
(1798, 41, 32),
(1799, 42, 32),
(1800, 43, 32),
(1801, 44, 32),
(1802, 45, 32),
(1803, 46, 32),
(1804, 47, 32),
(1805, 48, 32),
(1806, 49, 32),
(1807, 50, 32),
(1808, 51, 32),
(1809, 52, 32),
(1810, 53, 32),
(1811, 54, 32),
(1812, 55, 32),
(1813, 56, 32),
(1814, 57, 32),
(1815, 58, 32),
(1816, 59, 32),
(1817, 60, 32),
(1818, 61, 32),
(1819, 62, 32),
(1820, 63, 32),
(1821, 8, 33),
(1822, 9, 33),
(1823, 10, 33),
(1824, 11, 33),
(1825, 12, 33),
(1826, 13, 33),
(1827, 14, 33),
(1828, 15, 33),
(1829, 16, 33),
(1830, 17, 33),
(1831, 18, 33),
(1832, 19, 33),
(1833, 20, 33),
(1834, 21, 33),
(1835, 22, 33),
(1836, 23, 33),
(1837, 24, 33),
(1838, 25, 33),
(1839, 26, 33),
(1840, 27, 33),
(1841, 28, 33),
(1842, 29, 33),
(1843, 30, 33),
(1844, 31, 33),
(1845, 32, 33),
(1846, 33, 33),
(1847, 34, 33),
(1848, 35, 33),
(1849, 36, 33),
(1850, 37, 33),
(1851, 38, 33),
(1852, 39, 33),
(1853, 40, 33),
(1854, 41, 33),
(1855, 42, 33),
(1856, 43, 33),
(1857, 44, 33),
(1858, 45, 33),
(1859, 46, 33),
(1860, 47, 33),
(1861, 48, 33),
(1862, 49, 33),
(1863, 50, 33),
(1864, 51, 33),
(1865, 52, 33),
(1866, 53, 33),
(1867, 54, 33),
(1868, 55, 33),
(1869, 56, 33),
(1870, 57, 33),
(1871, 58, 33),
(1872, 59, 33),
(1873, 60, 33),
(1874, 61, 33),
(1875, 62, 33),
(1876, 63, 33),
(1877, 8, 34),
(1878, 9, 34),
(1879, 10, 34),
(1880, 11, 34),
(1881, 12, 34),
(1882, 13, 34),
(1883, 14, 34),
(1884, 15, 34),
(1885, 16, 34),
(1886, 17, 34),
(1887, 18, 34),
(1888, 19, 34),
(1889, 20, 34),
(1890, 21, 34),
(1891, 22, 34),
(1892, 23, 34),
(1893, 24, 34),
(1894, 25, 34),
(1895, 26, 34),
(1896, 27, 34),
(1897, 28, 34),
(1898, 29, 34),
(1899, 30, 34),
(1900, 31, 34),
(1901, 32, 34),
(1902, 33, 34),
(1903, 34, 34),
(1904, 35, 34),
(1905, 36, 34),
(1906, 37, 34),
(1907, 38, 34),
(1908, 39, 34),
(1909, 40, 34),
(1910, 41, 34),
(1911, 42, 34),
(1912, 43, 34),
(1913, 44, 34),
(1914, 45, 34),
(1915, 46, 34),
(1916, 47, 34),
(1917, 48, 34),
(1918, 49, 34),
(1919, 50, 34),
(1920, 51, 34),
(1921, 52, 34),
(1922, 53, 34),
(1923, 54, 34),
(1924, 55, 34),
(1925, 56, 34),
(1926, 57, 34),
(1927, 58, 34),
(1928, 59, 34),
(1929, 60, 34),
(1930, 61, 34),
(1931, 62, 34),
(1932, 63, 34),
(1933, 8, 35),
(1934, 9, 35),
(1935, 10, 35),
(1936, 11, 35),
(1937, 12, 35),
(1938, 13, 35),
(1939, 14, 35),
(1940, 15, 35),
(1941, 16, 35),
(1942, 17, 35),
(1943, 18, 35),
(1944, 19, 35),
(1945, 20, 35),
(1946, 21, 35),
(1947, 22, 35),
(1948, 23, 35),
(1949, 24, 35),
(1950, 25, 35),
(1951, 26, 35),
(1952, 27, 35),
(1953, 28, 35),
(1954, 29, 35),
(1955, 30, 35),
(1956, 31, 35),
(1957, 32, 35),
(1958, 33, 35),
(1959, 34, 35),
(1960, 35, 35),
(1961, 36, 35),
(1962, 37, 35),
(1963, 38, 35),
(1964, 39, 35),
(1965, 40, 35),
(1966, 41, 35),
(1967, 42, 35),
(1968, 43, 35),
(1969, 44, 35),
(1970, 45, 35),
(1971, 46, 35),
(1972, 47, 35),
(1973, 48, 35),
(1974, 49, 35),
(1975, 50, 35),
(1976, 51, 35),
(1977, 52, 35),
(1978, 53, 35),
(1979, 54, 35),
(1980, 55, 35),
(1981, 56, 35),
(1982, 57, 35),
(1983, 58, 35),
(1984, 59, 35),
(1985, 60, 35),
(1986, 61, 35),
(1987, 62, 35),
(1988, 63, 35),
(1989, 8, 36),
(1990, 9, 36),
(1991, 10, 36),
(1992, 11, 36),
(1993, 12, 36),
(1994, 13, 36),
(1995, 14, 36),
(1996, 15, 36),
(1997, 16, 36),
(1998, 17, 36),
(1999, 18, 36),
(2000, 19, 36),
(2001, 20, 36),
(2002, 21, 36),
(2003, 22, 36),
(2004, 23, 36),
(2005, 24, 36),
(2006, 25, 36),
(2007, 26, 36),
(2008, 27, 36),
(2009, 28, 36),
(2010, 29, 36),
(2011, 30, 36),
(2012, 31, 36),
(2013, 32, 36),
(2014, 33, 36),
(2015, 34, 36),
(2016, 35, 36),
(2017, 36, 36),
(2018, 37, 36),
(2019, 38, 36),
(2020, 39, 36),
(2021, 40, 36),
(2022, 41, 36),
(2023, 42, 36),
(2024, 43, 36),
(2025, 44, 36),
(2026, 45, 36),
(2027, 46, 36),
(2028, 47, 36),
(2029, 48, 36),
(2030, 49, 36),
(2031, 50, 36),
(2032, 51, 36),
(2033, 52, 36),
(2034, 53, 36),
(2035, 54, 36),
(2036, 55, 36),
(2037, 56, 36),
(2038, 57, 36),
(2039, 58, 36),
(2040, 59, 36),
(2041, 60, 36),
(2042, 61, 36),
(2043, 62, 36),
(2044, 63, 36),
(2045, 8, 37),
(2046, 9, 37),
(2047, 10, 37),
(2048, 11, 37),
(2049, 12, 37),
(2050, 13, 37),
(2051, 14, 37),
(2052, 15, 37),
(2053, 16, 37),
(2054, 17, 37),
(2055, 18, 37),
(2056, 19, 37),
(2057, 20, 37),
(2058, 21, 37),
(2059, 22, 37),
(2060, 23, 37),
(2061, 24, 37),
(2062, 25, 37),
(2063, 26, 37),
(2064, 27, 37),
(2065, 28, 37),
(2066, 29, 37),
(2067, 30, 37),
(2068, 31, 37),
(2069, 32, 37),
(2070, 33, 37),
(2071, 34, 37),
(2072, 35, 37),
(2073, 36, 37),
(2074, 37, 37),
(2075, 38, 37),
(2076, 39, 37),
(2077, 40, 37),
(2078, 41, 37),
(2079, 42, 37),
(2080, 43, 37),
(2081, 44, 37),
(2082, 45, 37),
(2083, 46, 37),
(2084, 47, 37),
(2085, 48, 37),
(2086, 49, 37),
(2087, 50, 37),
(2088, 51, 37),
(2089, 52, 37),
(2090, 53, 37),
(2091, 54, 37),
(2092, 55, 37),
(2093, 56, 37),
(2094, 57, 37),
(2095, 58, 37),
(2096, 59, 37),
(2097, 60, 37),
(2098, 61, 37),
(2099, 62, 37),
(2100, 63, 37),
(2101, 8, 38),
(2102, 9, 38),
(2103, 10, 38),
(2104, 11, 38),
(2105, 12, 38),
(2106, 13, 38),
(2107, 14, 38),
(2108, 15, 38),
(2109, 16, 38),
(2110, 17, 38),
(2111, 18, 38),
(2112, 19, 38),
(2113, 20, 38),
(2114, 21, 38),
(2115, 22, 38),
(2116, 23, 38),
(2117, 24, 38),
(2118, 25, 38),
(2119, 26, 38),
(2120, 27, 38),
(2121, 28, 38),
(2122, 29, 38),
(2123, 30, 38),
(2124, 31, 38),
(2125, 32, 38),
(2126, 33, 38),
(2127, 34, 38),
(2128, 35, 38),
(2129, 36, 38),
(2130, 37, 38),
(2131, 38, 38),
(2132, 39, 38),
(2133, 40, 38),
(2134, 41, 38),
(2135, 42, 38),
(2136, 43, 38),
(2137, 44, 38),
(2138, 45, 38),
(2139, 46, 38),
(2140, 47, 38),
(2141, 48, 38),
(2142, 49, 38),
(2143, 50, 38),
(2144, 51, 38),
(2145, 52, 38),
(2146, 53, 38),
(2147, 54, 38),
(2148, 55, 38),
(2149, 56, 38),
(2150, 57, 38),
(2151, 58, 38),
(2152, 59, 38),
(2153, 60, 38),
(2154, 61, 38),
(2155, 62, 38),
(2156, 63, 38),
(2157, 8, 39),
(2158, 9, 39),
(2159, 10, 39),
(2160, 11, 39),
(2161, 12, 39),
(2162, 13, 39),
(2163, 14, 39),
(2164, 15, 39),
(2165, 16, 39),
(2166, 17, 39),
(2167, 18, 39),
(2168, 19, 39),
(2169, 20, 39),
(2170, 21, 39),
(2171, 22, 39),
(2172, 23, 39),
(2173, 24, 39),
(2174, 25, 39),
(2175, 26, 39),
(2176, 27, 39),
(2177, 28, 39),
(2178, 29, 39),
(2179, 30, 39),
(2180, 31, 39),
(2181, 32, 39),
(2182, 33, 39),
(2183, 34, 39),
(2184, 35, 39),
(2185, 36, 39),
(2186, 37, 39),
(2187, 38, 39),
(2188, 39, 39),
(2189, 40, 39),
(2190, 41, 39),
(2191, 42, 39),
(2192, 43, 39),
(2193, 44, 39),
(2194, 45, 39),
(2195, 46, 39),
(2196, 47, 39),
(2197, 48, 39),
(2198, 49, 39),
(2199, 50, 39),
(2200, 51, 39),
(2201, 52, 39),
(2202, 53, 39),
(2203, 54, 39),
(2204, 55, 39),
(2205, 56, 39),
(2206, 57, 39),
(2207, 58, 39),
(2208, 59, 39),
(2209, 60, 39),
(2210, 61, 39),
(2211, 62, 39),
(2212, 63, 39),
(2213, 8, 40),
(2214, 9, 40),
(2215, 10, 40),
(2216, 11, 40),
(2217, 12, 40),
(2218, 13, 40),
(2219, 14, 40),
(2220, 15, 40),
(2221, 16, 40),
(2222, 17, 40),
(2223, 18, 40),
(2224, 19, 40),
(2225, 20, 40),
(2226, 21, 40),
(2227, 22, 40),
(2228, 23, 40),
(2229, 24, 40),
(2230, 25, 40),
(2231, 26, 40),
(2232, 27, 40),
(2233, 28, 40),
(2234, 29, 40),
(2235, 30, 40),
(2236, 31, 40),
(2237, 32, 40),
(2238, 33, 40),
(2239, 34, 40),
(2240, 35, 40),
(2241, 36, 40),
(2242, 37, 40),
(2243, 38, 40),
(2244, 39, 40),
(2245, 40, 40),
(2246, 41, 40),
(2247, 42, 40),
(2248, 43, 40),
(2249, 44, 40),
(2250, 45, 40),
(2251, 46, 40),
(2252, 47, 40),
(2253, 48, 40),
(2254, 49, 40),
(2255, 50, 40),
(2256, 51, 40),
(2257, 52, 40),
(2258, 53, 40),
(2259, 54, 40),
(2260, 55, 40),
(2261, 56, 40),
(2262, 57, 40),
(2263, 58, 40),
(2264, 59, 40),
(2265, 60, 40),
(2266, 61, 40),
(2267, 62, 40),
(2268, 63, 40),
(2269, 8, 41),
(2270, 9, 41),
(2271, 10, 41),
(2272, 11, 41),
(2273, 12, 41),
(2274, 13, 41),
(2275, 14, 41),
(2276, 15, 41),
(2277, 16, 41),
(2278, 17, 41),
(2279, 18, 41),
(2280, 19, 41),
(2281, 20, 41),
(2282, 21, 41),
(2283, 22, 41),
(2284, 23, 41),
(2285, 24, 41),
(2286, 25, 41),
(2287, 26, 41),
(2288, 27, 41),
(2289, 28, 41),
(2290, 29, 41),
(2291, 30, 41),
(2292, 31, 41),
(2293, 32, 41),
(2294, 33, 41),
(2295, 34, 41),
(2296, 35, 41),
(2297, 36, 41),
(2298, 37, 41),
(2299, 38, 41),
(2300, 39, 41),
(2301, 40, 41),
(2302, 41, 41),
(2303, 42, 41),
(2304, 43, 41),
(2305, 44, 41),
(2306, 45, 41),
(2307, 46, 41),
(2308, 47, 41),
(2309, 48, 41),
(2310, 49, 41),
(2311, 50, 41),
(2312, 51, 41),
(2313, 52, 41),
(2314, 53, 41),
(2315, 54, 41),
(2316, 55, 41),
(2317, 56, 41),
(2318, 57, 41),
(2319, 58, 41),
(2320, 59, 41),
(2321, 60, 41),
(2322, 61, 41),
(2323, 62, 41),
(2324, 63, 41),
(2325, 8, 42),
(2326, 9, 42),
(2327, 10, 42),
(2328, 11, 42),
(2329, 12, 42),
(2330, 13, 42),
(2331, 14, 42),
(2332, 15, 42),
(2333, 16, 42),
(2334, 17, 42),
(2335, 18, 42),
(2336, 19, 42),
(2337, 20, 42),
(2338, 21, 42),
(2339, 22, 42),
(2340, 23, 42),
(2341, 24, 42),
(2342, 25, 42),
(2343, 26, 42),
(2344, 27, 42),
(2345, 28, 42),
(2346, 29, 42),
(2347, 30, 42),
(2348, 31, 42),
(2349, 32, 42),
(2350, 33, 42),
(2351, 34, 42),
(2352, 35, 42),
(2353, 36, 42),
(2354, 37, 42),
(2355, 38, 42),
(2356, 39, 42),
(2357, 40, 42),
(2358, 41, 42),
(2359, 42, 42),
(2360, 43, 42),
(2361, 44, 42),
(2362, 45, 42),
(2363, 46, 42),
(2364, 47, 42),
(2365, 48, 42),
(2366, 49, 42),
(2367, 50, 42),
(2368, 51, 42),
(2369, 52, 42),
(2370, 53, 42),
(2371, 54, 42),
(2372, 55, 42),
(2373, 56, 42),
(2374, 57, 42),
(2375, 58, 42),
(2376, 59, 42),
(2377, 60, 42),
(2378, 61, 42),
(2379, 62, 42),
(2380, 63, 42),
(2381, 8, 43),
(2382, 9, 43),
(2383, 10, 43),
(2384, 11, 43),
(2385, 12, 43),
(2386, 13, 43),
(2387, 14, 43),
(2388, 15, 43),
(2389, 16, 43),
(2390, 17, 43),
(2391, 18, 43),
(2392, 19, 43),
(2393, 20, 43),
(2394, 21, 43),
(2395, 22, 43),
(2396, 23, 43),
(2397, 24, 43),
(2398, 25, 43),
(2399, 26, 43),
(2400, 27, 43),
(2401, 28, 43),
(2402, 29, 43),
(2403, 30, 43),
(2404, 31, 43),
(2405, 32, 43),
(2406, 33, 43),
(2407, 34, 43),
(2408, 35, 43),
(2409, 36, 43),
(2410, 37, 43),
(2411, 38, 43),
(2412, 39, 43),
(2413, 40, 43),
(2414, 41, 43),
(2415, 42, 43),
(2416, 43, 43),
(2417, 44, 43),
(2418, 45, 43),
(2419, 46, 43),
(2420, 47, 43),
(2421, 48, 43),
(2422, 49, 43),
(2423, 50, 43),
(2424, 51, 43),
(2425, 52, 43),
(2426, 53, 43),
(2427, 54, 43),
(2428, 55, 43),
(2429, 56, 43),
(2430, 57, 43),
(2431, 58, 43),
(2432, 59, 43),
(2433, 60, 43),
(2434, 61, 43),
(2435, 62, 43),
(2436, 63, 43),
(2437, 8, 44),
(2438, 9, 44),
(2439, 10, 44),
(2440, 11, 44),
(2441, 12, 44),
(2442, 13, 44),
(2443, 14, 44),
(2444, 15, 44),
(2445, 16, 44),
(2446, 17, 44),
(2447, 18, 44),
(2448, 19, 44),
(2449, 20, 44),
(2450, 21, 44),
(2451, 22, 44),
(2452, 23, 44),
(2453, 24, 44),
(2454, 25, 44),
(2455, 26, 44),
(2456, 27, 44),
(2457, 28, 44),
(2458, 29, 44),
(2459, 30, 44),
(2460, 31, 44),
(2461, 32, 44),
(2462, 33, 44),
(2463, 34, 44),
(2464, 35, 44),
(2465, 36, 44),
(2466, 37, 44),
(2467, 38, 44),
(2468, 39, 44),
(2469, 40, 44),
(2470, 41, 44),
(2471, 42, 44),
(2472, 43, 44),
(2473, 44, 44),
(2474, 45, 44),
(2475, 46, 44),
(2476, 47, 44),
(2477, 48, 44),
(2478, 49, 44),
(2479, 50, 44),
(2480, 51, 44),
(2481, 52, 44),
(2482, 53, 44),
(2483, 54, 44),
(2484, 55, 44),
(2485, 56, 44),
(2486, 57, 44),
(2487, 58, 44),
(2488, 59, 44),
(2489, 60, 44),
(2490, 61, 44),
(2491, 62, 44),
(2492, 63, 44),
(2493, 8, 45),
(2494, 9, 45),
(2495, 10, 45),
(2496, 11, 45),
(2497, 12, 45),
(2498, 13, 45),
(2499, 14, 45),
(2500, 15, 45),
(2501, 16, 45),
(2502, 17, 45),
(2503, 18, 45),
(2504, 19, 45),
(2505, 20, 45),
(2506, 21, 45),
(2507, 22, 45),
(2508, 23, 45),
(2509, 24, 45),
(2510, 25, 45),
(2511, 26, 45),
(2512, 27, 45),
(2513, 28, 45),
(2514, 29, 45),
(2515, 30, 45),
(2516, 31, 45),
(2517, 32, 45),
(2518, 33, 45),
(2519, 34, 45),
(2520, 35, 45),
(2521, 36, 45),
(2522, 37, 45),
(2523, 38, 45),
(2524, 39, 45),
(2525, 40, 45),
(2526, 41, 45),
(2527, 42, 45),
(2528, 43, 45),
(2529, 44, 45),
(2530, 45, 45),
(2531, 46, 45),
(2532, 47, 45),
(2533, 48, 45),
(2534, 49, 45),
(2535, 50, 45),
(2536, 51, 45),
(2537, 52, 45),
(2538, 53, 45),
(2539, 54, 45),
(2540, 55, 45),
(2541, 56, 45),
(2542, 57, 45),
(2543, 58, 45),
(2544, 59, 45),
(2545, 60, 45),
(2546, 61, 45),
(2547, 62, 45),
(2548, 63, 45),
(2549, 8, 46),
(2550, 9, 46),
(2551, 10, 46),
(2552, 11, 46),
(2553, 12, 46),
(2554, 13, 46),
(2555, 14, 46),
(2556, 15, 46),
(2557, 16, 46),
(2558, 17, 46),
(2559, 18, 46),
(2560, 19, 46),
(2561, 20, 46),
(2562, 21, 46),
(2563, 22, 46),
(2564, 23, 46),
(2565, 24, 46),
(2566, 25, 46),
(2567, 26, 46),
(2568, 27, 46),
(2569, 28, 46),
(2570, 29, 46),
(2571, 30, 46),
(2572, 31, 46),
(2573, 32, 46),
(2574, 33, 46),
(2575, 34, 46),
(2576, 35, 46),
(2577, 36, 46),
(2578, 37, 46),
(2579, 38, 46),
(2580, 39, 46),
(2581, 40, 46),
(2582, 41, 46),
(2583, 42, 46),
(2584, 43, 46),
(2585, 44, 46),
(2586, 45, 46),
(2587, 46, 46),
(2588, 47, 46),
(2589, 48, 46),
(2590, 49, 46),
(2591, 50, 46),
(2592, 51, 46),
(2593, 52, 46),
(2594, 53, 46),
(2595, 54, 46),
(2596, 55, 46),
(2597, 56, 46),
(2598, 57, 46),
(2599, 58, 46),
(2600, 59, 46),
(2601, 60, 46),
(2602, 61, 46),
(2603, 62, 46),
(2604, 63, 46),
(2605, 8, 47),
(2606, 9, 47),
(2607, 10, 47),
(2608, 11, 47),
(2609, 12, 47),
(2610, 13, 47),
(2611, 14, 47),
(2612, 15, 47),
(2613, 16, 47),
(2614, 17, 47),
(2615, 18, 47),
(2616, 19, 47),
(2617, 20, 47),
(2618, 21, 47),
(2619, 22, 47),
(2620, 23, 47),
(2621, 24, 47),
(2622, 25, 47),
(2623, 26, 47),
(2624, 27, 47),
(2625, 28, 47),
(2626, 29, 47),
(2627, 30, 47),
(2628, 31, 47),
(2629, 32, 47),
(2630, 33, 47),
(2631, 34, 47),
(2632, 35, 47),
(2633, 36, 47),
(2634, 37, 47),
(2635, 38, 47),
(2636, 39, 47),
(2637, 40, 47),
(2638, 41, 47),
(2639, 42, 47),
(2640, 43, 47),
(2641, 44, 47),
(2642, 45, 47),
(2643, 46, 47),
(2644, 47, 47),
(2645, 48, 47),
(2646, 49, 47),
(2647, 50, 47),
(2648, 51, 47),
(2649, 52, 47),
(2650, 53, 47),
(2651, 54, 47),
(2652, 55, 47),
(2653, 56, 47),
(2654, 57, 47),
(2655, 58, 47),
(2656, 59, 47),
(2657, 60, 47),
(2658, 61, 47),
(2659, 62, 47),
(2660, 63, 47),
(2661, 8, 48),
(2662, 9, 48),
(2663, 10, 48),
(2664, 11, 48),
(2665, 12, 48),
(2666, 13, 48),
(2667, 14, 48),
(2668, 15, 48),
(2669, 16, 48),
(2670, 17, 48),
(2671, 18, 48),
(2672, 19, 48),
(2673, 20, 48),
(2674, 21, 48),
(2675, 22, 48),
(2676, 23, 48),
(2677, 24, 48),
(2678, 25, 48),
(2679, 26, 48),
(2680, 27, 48),
(2681, 28, 48),
(2682, 29, 48),
(2683, 30, 48),
(2684, 31, 48),
(2685, 32, 48),
(2686, 33, 48),
(2687, 34, 48),
(2688, 35, 48),
(2689, 36, 48),
(2690, 37, 48),
(2691, 38, 48),
(2692, 39, 48),
(2693, 40, 48),
(2694, 41, 48),
(2695, 42, 48),
(2696, 43, 48),
(2697, 44, 48),
(2698, 45, 48),
(2699, 46, 48),
(2700, 47, 48),
(2701, 48, 48),
(2702, 49, 48),
(2703, 50, 48),
(2704, 51, 48),
(2705, 52, 48),
(2706, 53, 48),
(2707, 54, 48),
(2708, 55, 48),
(2709, 56, 48),
(2710, 57, 48),
(2711, 58, 48),
(2712, 59, 48),
(2713, 60, 48),
(2714, 61, 48),
(2715, 62, 48),
(2716, 63, 48),
(2717, 8, 49),
(2718, 9, 49),
(2719, 10, 49),
(2720, 11, 49),
(2721, 12, 49),
(2722, 13, 49),
(2723, 14, 49),
(2724, 15, 49),
(2725, 16, 49),
(2726, 17, 49),
(2727, 18, 49),
(2728, 19, 49),
(2729, 20, 49),
(2730, 21, 49),
(2731, 22, 49),
(2732, 23, 49),
(2733, 24, 49),
(2734, 25, 49),
(2735, 26, 49),
(2736, 27, 49),
(2737, 28, 49),
(2738, 29, 49),
(2739, 30, 49),
(2740, 31, 49),
(2741, 32, 49),
(2742, 33, 49),
(2743, 34, 49),
(2744, 35, 49),
(2745, 36, 49),
(2746, 37, 49),
(2747, 38, 49),
(2748, 39, 49),
(2749, 40, 49),
(2750, 41, 49),
(2751, 42, 49),
(2752, 43, 49),
(2753, 44, 49),
(2754, 45, 49),
(2755, 46, 49),
(2756, 47, 49),
(2757, 48, 49),
(2758, 49, 49),
(2759, 50, 49),
(2760, 51, 49),
(2761, 52, 49),
(2762, 53, 49),
(2763, 54, 49),
(2764, 55, 49),
(2765, 56, 49),
(2766, 57, 49),
(2767, 58, 49),
(2768, 59, 49),
(2769, 60, 49),
(2770, 61, 49),
(2771, 62, 49),
(2772, 63, 49),
(2773, 8, 50),
(2774, 9, 50),
(2775, 10, 50),
(2776, 11, 50),
(2777, 12, 50),
(2778, 13, 50),
(2779, 14, 50),
(2780, 15, 50),
(2781, 16, 50),
(2782, 17, 50),
(2783, 18, 50),
(2784, 19, 50),
(2785, 20, 50),
(2786, 21, 50),
(2787, 22, 50),
(2788, 23, 50),
(2789, 24, 50),
(2790, 25, 50),
(2791, 26, 50),
(2792, 27, 50),
(2793, 28, 50),
(2794, 29, 50),
(2795, 30, 50),
(2796, 31, 50),
(2797, 32, 50),
(2798, 33, 50),
(2799, 34, 50),
(2800, 35, 50),
(2801, 36, 50),
(2802, 37, 50),
(2803, 38, 50),
(2804, 39, 50),
(2805, 40, 50),
(2806, 41, 50),
(2807, 42, 50),
(2808, 43, 50),
(2809, 44, 50),
(2810, 45, 50),
(2811, 46, 50),
(2812, 47, 50),
(2813, 48, 50),
(2814, 49, 50),
(2815, 50, 50),
(2816, 51, 50),
(2817, 52, 50),
(2818, 53, 50),
(2819, 54, 50),
(2820, 55, 50),
(2821, 56, 50),
(2822, 57, 50),
(2823, 58, 50),
(2824, 59, 50),
(2825, 60, 50),
(2826, 61, 50),
(2827, 62, 50),
(2828, 63, 50),
(2829, 8, 51),
(2830, 9, 51),
(2831, 10, 51),
(2832, 11, 51),
(2833, 12, 51),
(2834, 13, 51),
(2835, 14, 51),
(2836, 15, 51),
(2837, 16, 51),
(2838, 17, 51),
(2839, 18, 51),
(2840, 19, 51),
(2841, 20, 51),
(2842, 21, 51),
(2843, 22, 51),
(2844, 23, 51),
(2845, 24, 51),
(2846, 25, 51),
(2847, 26, 51),
(2848, 27, 51),
(2849, 28, 51),
(2850, 29, 51),
(2851, 30, 51),
(2852, 31, 51),
(2853, 32, 51),
(2854, 33, 51),
(2855, 34, 51),
(2856, 35, 51),
(2857, 36, 51),
(2858, 37, 51),
(2859, 38, 51),
(2860, 39, 51),
(2861, 40, 51),
(2862, 41, 51),
(2863, 42, 51),
(2864, 43, 51),
(2865, 44, 51),
(2866, 45, 51),
(2867, 46, 51),
(2868, 47, 51),
(2869, 48, 51),
(2870, 49, 51),
(2871, 50, 51),
(2872, 51, 51),
(2873, 52, 51),
(2874, 53, 51),
(2875, 54, 51),
(2876, 55, 51),
(2877, 56, 51),
(2878, 57, 51),
(2879, 58, 51),
(2880, 59, 51),
(2881, 60, 51),
(2882, 61, 51),
(2883, 62, 51),
(2884, 63, 51),
(2885, 8, 52),
(2886, 9, 52),
(2887, 10, 52),
(2888, 11, 52),
(2889, 12, 52),
(2890, 13, 52),
(2891, 14, 52),
(2892, 15, 52),
(2893, 16, 52),
(2894, 17, 52),
(2895, 18, 52),
(2896, 19, 52),
(2897, 20, 52),
(2898, 21, 52),
(2899, 22, 52),
(2900, 23, 52),
(2901, 24, 52),
(2902, 25, 52),
(2903, 26, 52),
(2904, 27, 52),
(2905, 28, 52),
(2906, 29, 52),
(2907, 30, 52),
(2908, 31, 52),
(2909, 32, 52),
(2910, 33, 52),
(2911, 34, 52),
(2912, 35, 52),
(2913, 36, 52),
(2914, 37, 52),
(2915, 38, 52),
(2916, 39, 52),
(2917, 40, 52),
(2918, 41, 52),
(2919, 42, 52),
(2920, 43, 52),
(2921, 44, 52),
(2922, 45, 52),
(2923, 46, 52),
(2924, 47, 52),
(2925, 48, 52),
(2926, 49, 52),
(2927, 50, 52),
(2928, 51, 52),
(2929, 52, 52),
(2930, 53, 52),
(2931, 54, 52),
(2932, 55, 52),
(2933, 56, 52),
(2934, 57, 52),
(2935, 58, 52),
(2936, 59, 52),
(2937, 60, 52),
(2938, 61, 52),
(2939, 62, 52),
(2940, 63, 52),
(2941, 8, 53),
(2942, 9, 53),
(2943, 10, 53),
(2944, 11, 53),
(2945, 12, 53),
(2946, 13, 53),
(2947, 14, 53),
(2948, 15, 53),
(2949, 16, 53),
(2950, 17, 53),
(2951, 18, 53),
(2952, 19, 53),
(2953, 20, 53),
(2954, 21, 53),
(2955, 22, 53),
(2956, 23, 53),
(2957, 24, 53),
(2958, 25, 53),
(2959, 26, 53),
(2960, 27, 53),
(2961, 28, 53),
(2962, 29, 53),
(2963, 30, 53),
(2964, 31, 53),
(2965, 32, 53),
(2966, 33, 53),
(2967, 34, 53),
(2968, 35, 53),
(2969, 36, 53),
(2970, 37, 53),
(2971, 38, 53),
(2972, 39, 53),
(2973, 40, 53),
(2974, 41, 53),
(2975, 42, 53),
(2976, 43, 53),
(2977, 44, 53),
(2978, 45, 53),
(2979, 46, 53),
(2980, 47, 53),
(2981, 48, 53),
(2982, 49, 53),
(2983, 50, 53),
(2984, 51, 53),
(2985, 52, 53),
(2986, 53, 53),
(2987, 54, 53),
(2988, 55, 53),
(2989, 56, 53),
(2990, 57, 53),
(2991, 58, 53),
(2992, 59, 53),
(2993, 60, 53),
(2994, 61, 53),
(2995, 62, 53),
(2996, 63, 53),
(2997, 8, 54),
(2998, 9, 54),
(2999, 10, 54),
(3000, 11, 54),
(3001, 12, 54),
(3002, 13, 54),
(3003, 14, 54),
(3004, 15, 54),
(3005, 16, 54),
(3006, 17, 54),
(3007, 18, 54),
(3008, 19, 54),
(3009, 20, 54),
(3010, 21, 54),
(3011, 22, 54),
(3012, 23, 54),
(3013, 24, 54),
(3014, 25, 54),
(3015, 26, 54),
(3016, 27, 54),
(3017, 28, 54),
(3018, 29, 54),
(3019, 30, 54),
(3020, 31, 54),
(3021, 32, 54),
(3022, 33, 54),
(3023, 34, 54),
(3024, 35, 54),
(3025, 36, 54),
(3026, 37, 54),
(3027, 38, 54),
(3028, 39, 54),
(3029, 40, 54),
(3030, 41, 54),
(3031, 42, 54),
(3032, 43, 54),
(3033, 44, 54),
(3034, 45, 54),
(3035, 46, 54),
(3036, 47, 54),
(3037, 48, 54),
(3038, 49, 54),
(3039, 50, 54),
(3040, 51, 54),
(3041, 52, 54),
(3042, 53, 54),
(3043, 54, 54),
(3044, 55, 54),
(3045, 56, 54),
(3046, 57, 54),
(3047, 58, 54),
(3048, 59, 54),
(3049, 60, 54),
(3050, 61, 54),
(3051, 62, 54),
(3052, 63, 54),
(3053, 8, 55),
(3054, 9, 55),
(3055, 10, 55),
(3056, 11, 55),
(3057, 12, 55),
(3058, 13, 55),
(3059, 14, 55),
(3060, 15, 55),
(3061, 16, 55),
(3062, 17, 55),
(3063, 18, 55),
(3064, 19, 55),
(3065, 20, 55),
(3066, 21, 55),
(3067, 22, 55),
(3068, 23, 55),
(3069, 24, 55),
(3070, 25, 55),
(3071, 26, 55),
(3072, 27, 55),
(3073, 28, 55),
(3074, 29, 55),
(3075, 30, 55),
(3076, 31, 55),
(3077, 32, 55),
(3078, 33, 55),
(3079, 34, 55),
(3080, 35, 55),
(3081, 36, 55),
(3082, 37, 55),
(3083, 38, 55),
(3084, 39, 55),
(3085, 40, 55),
(3086, 41, 55),
(3087, 42, 55),
(3088, 43, 55),
(3089, 44, 55),
(3090, 45, 55),
(3091, 46, 55),
(3092, 47, 55),
(3093, 48, 55),
(3094, 49, 55),
(3095, 50, 55),
(3096, 51, 55),
(3097, 52, 55),
(3098, 53, 55),
(3099, 54, 55),
(3100, 55, 55),
(3101, 56, 55),
(3102, 57, 55),
(3103, 58, 55),
(3104, 59, 55),
(3105, 60, 55),
(3106, 61, 55),
(3107, 62, 55),
(3108, 63, 55),
(3109, 8, 56),
(3110, 9, 56),
(3111, 10, 56),
(3112, 11, 56),
(3113, 12, 56),
(3114, 13, 56),
(3115, 14, 56),
(3116, 15, 56),
(3117, 16, 56),
(3118, 17, 56),
(3119, 18, 56),
(3120, 19, 56),
(3121, 20, 56),
(3122, 21, 56),
(3123, 22, 56),
(3124, 23, 56),
(3125, 24, 56),
(3126, 25, 56),
(3127, 26, 56),
(3128, 27, 56),
(3129, 28, 56),
(3130, 29, 56),
(3131, 30, 56),
(3132, 31, 56),
(3133, 32, 56),
(3134, 33, 56),
(3135, 34, 56),
(3136, 35, 56),
(3137, 36, 56),
(3138, 37, 56),
(3139, 38, 56),
(3140, 39, 56),
(3141, 40, 56),
(3142, 41, 56),
(3143, 42, 56),
(3144, 43, 56),
(3145, 44, 56),
(3146, 45, 56),
(3147, 46, 56),
(3148, 47, 56),
(3149, 48, 56),
(3150, 49, 56),
(3151, 50, 56),
(3152, 51, 56),
(3153, 52, 56),
(3154, 53, 56),
(3155, 54, 56),
(3156, 55, 56),
(3157, 56, 56),
(3158, 57, 56),
(3159, 58, 56),
(3160, 59, 56),
(3161, 60, 56),
(3162, 61, 56),
(3163, 62, 56),
(3164, 63, 56),
(3165, 8, 57),
(3166, 9, 57),
(3167, 10, 57),
(3168, 11, 57),
(3169, 12, 57),
(3170, 13, 57),
(3171, 14, 57),
(3172, 15, 57),
(3173, 16, 57),
(3174, 17, 57),
(3175, 18, 57),
(3176, 19, 57),
(3177, 20, 57),
(3178, 21, 57),
(3179, 22, 57),
(3180, 23, 57),
(3181, 24, 57),
(3182, 25, 57),
(3183, 26, 57),
(3184, 27, 57),
(3185, 28, 57),
(3186, 29, 57),
(3187, 30, 57),
(3188, 31, 57),
(3189, 32, 57),
(3190, 33, 57),
(3191, 34, 57),
(3192, 35, 57),
(3193, 36, 57),
(3194, 37, 57),
(3195, 38, 57),
(3196, 39, 57),
(3197, 40, 57),
(3198, 41, 57),
(3199, 42, 57),
(3200, 43, 57),
(3201, 44, 57),
(3202, 45, 57),
(3203, 46, 57),
(3204, 47, 57),
(3205, 48, 57),
(3206, 49, 57),
(3207, 50, 57),
(3208, 51, 57),
(3209, 52, 57),
(3210, 53, 57),
(3211, 54, 57),
(3212, 55, 57),
(3213, 56, 57),
(3214, 57, 57),
(3215, 58, 57),
(3216, 59, 57),
(3217, 60, 57),
(3218, 61, 57),
(3219, 62, 57),
(3220, 63, 57),
(3221, 8, 58),
(3222, 9, 58),
(3223, 10, 58),
(3224, 11, 58),
(3225, 12, 58),
(3226, 13, 58),
(3227, 14, 58),
(3228, 15, 58),
(3229, 16, 58),
(3230, 17, 58),
(3231, 18, 58),
(3232, 19, 58),
(3233, 20, 58),
(3234, 21, 58),
(3235, 22, 58),
(3236, 23, 58),
(3237, 24, 58),
(3238, 25, 58),
(3239, 26, 58),
(3240, 27, 58),
(3241, 28, 58),
(3242, 29, 58),
(3243, 30, 58),
(3244, 31, 58),
(3245, 32, 58),
(3246, 33, 58),
(3247, 34, 58),
(3248, 35, 58),
(3249, 36, 58),
(3250, 37, 58),
(3251, 38, 58),
(3252, 39, 58),
(3253, 40, 58),
(3254, 41, 58),
(3255, 42, 58),
(3256, 43, 58),
(3257, 44, 58),
(3258, 45, 58),
(3259, 46, 58),
(3260, 47, 58),
(3261, 48, 58),
(3262, 49, 58),
(3263, 50, 58),
(3264, 51, 58),
(3265, 52, 58),
(3266, 53, 58),
(3267, 54, 58),
(3268, 55, 58),
(3269, 56, 58),
(3270, 57, 58),
(3271, 58, 58),
(3272, 59, 58),
(3273, 60, 58),
(3274, 61, 58),
(3275, 62, 58),
(3276, 63, 58),
(3277, 8, 59),
(3278, 9, 59),
(3279, 10, 59),
(3280, 11, 59),
(3281, 12, 59),
(3282, 13, 59),
(3283, 14, 59),
(3284, 15, 59),
(3285, 16, 59),
(3286, 17, 59),
(3287, 18, 59),
(3288, 19, 59),
(3289, 20, 59),
(3290, 21, 59),
(3291, 22, 59),
(3292, 23, 59),
(3293, 24, 59),
(3294, 25, 59),
(3295, 26, 59),
(3296, 27, 59),
(3297, 28, 59),
(3298, 29, 59),
(3299, 30, 59),
(3300, 31, 59),
(3301, 32, 59),
(3302, 33, 59),
(3303, 34, 59),
(3304, 35, 59),
(3305, 36, 59),
(3306, 37, 59),
(3307, 38, 59),
(3308, 39, 59),
(3309, 40, 59),
(3310, 41, 59),
(3311, 42, 59),
(3312, 43, 59),
(3313, 44, 59),
(3314, 45, 59),
(3315, 46, 59),
(3316, 47, 59),
(3317, 48, 59),
(3318, 49, 59),
(3319, 50, 59),
(3320, 51, 59),
(3321, 52, 59),
(3322, 53, 59),
(3323, 54, 59),
(3324, 55, 59),
(3325, 56, 59),
(3326, 57, 59),
(3327, 58, 59),
(3328, 59, 59),
(3329, 60, 59),
(3330, 61, 59),
(3331, 62, 59),
(3332, 63, 59),
(3333, 8, 60),
(3334, 9, 60),
(3335, 10, 60),
(3336, 11, 60),
(3337, 12, 60),
(3338, 13, 60),
(3339, 14, 60),
(3340, 15, 60),
(3341, 16, 60),
(3342, 17, 60),
(3343, 18, 60),
(3344, 19, 60),
(3345, 20, 60),
(3346, 21, 60),
(3347, 22, 60),
(3348, 23, 60),
(3349, 24, 60),
(3350, 25, 60),
(3351, 26, 60),
(3352, 27, 60),
(3353, 28, 60),
(3354, 29, 60),
(3355, 30, 60),
(3356, 31, 60),
(3357, 32, 60),
(3358, 33, 60),
(3359, 34, 60),
(3360, 35, 60),
(3361, 36, 60),
(3362, 37, 60),
(3363, 38, 60),
(3364, 39, 60),
(3365, 40, 60),
(3366, 41, 60),
(3367, 42, 60),
(3368, 43, 60),
(3369, 44, 60),
(3370, 45, 60),
(3371, 46, 60),
(3372, 47, 60),
(3373, 48, 60),
(3374, 49, 60),
(3375, 50, 60),
(3376, 51, 60),
(3377, 52, 60),
(3378, 53, 60),
(3379, 54, 60),
(3380, 55, 60),
(3381, 56, 60),
(3382, 57, 60),
(3383, 58, 60),
(3384, 59, 60),
(3385, 60, 60),
(3386, 61, 60),
(3387, 62, 60),
(3388, 63, 60),
(3389, 8, 61),
(3390, 9, 61),
(3391, 10, 61),
(3392, 11, 61),
(3393, 12, 61),
(3394, 13, 61),
(3395, 14, 61),
(3396, 15, 61),
(3397, 16, 61),
(3398, 17, 61),
(3399, 18, 61),
(3400, 19, 61),
(3401, 20, 61),
(3402, 21, 61),
(3403, 22, 61),
(3404, 23, 61),
(3405, 24, 61),
(3406, 25, 61),
(3407, 26, 61),
(3408, 27, 61),
(3409, 28, 61),
(3410, 29, 61),
(3411, 30, 61),
(3412, 31, 61),
(3413, 32, 61),
(3414, 33, 61),
(3415, 34, 61),
(3416, 35, 61),
(3417, 36, 61),
(3418, 37, 61),
(3419, 38, 61),
(3420, 39, 61),
(3421, 40, 61),
(3422, 41, 61),
(3423, 42, 61),
(3424, 43, 61),
(3425, 44, 61),
(3426, 45, 61),
(3427, 46, 61),
(3428, 47, 61),
(3429, 48, 61),
(3430, 49, 61),
(3431, 50, 61),
(3432, 51, 61),
(3433, 52, 61),
(3434, 53, 61),
(3435, 54, 61),
(3436, 55, 61),
(3437, 56, 61),
(3438, 57, 61),
(3439, 58, 61),
(3440, 59, 61),
(3441, 60, 61),
(3442, 61, 61),
(3443, 62, 61),
(3444, 63, 61),
(3445, 8, 62),
(3446, 9, 62),
(3447, 10, 62),
(3448, 11, 62),
(3449, 12, 62),
(3450, 13, 62),
(3451, 14, 62),
(3452, 15, 62),
(3453, 16, 62),
(3454, 17, 62),
(3455, 18, 62),
(3456, 19, 62),
(3457, 20, 62),
(3458, 21, 62),
(3459, 22, 62),
(3460, 23, 62),
(3461, 24, 62),
(3462, 25, 62),
(3463, 26, 62),
(3464, 27, 62),
(3465, 28, 62),
(3466, 29, 62),
(3467, 30, 62),
(3468, 31, 62),
(3469, 32, 62),
(3470, 33, 62),
(3471, 34, 62),
(3472, 35, 62),
(3473, 36, 62),
(3474, 37, 62),
(3475, 38, 62),
(3476, 39, 62),
(3477, 40, 62),
(3478, 41, 62),
(3479, 42, 62),
(3480, 43, 62),
(3481, 44, 62),
(3482, 45, 62),
(3483, 46, 62),
(3484, 47, 62),
(3485, 48, 62),
(3486, 49, 62),
(3487, 50, 62),
(3488, 51, 62),
(3489, 52, 62),
(3490, 53, 62),
(3491, 54, 62),
(3492, 55, 62),
(3493, 56, 62),
(3494, 57, 62),
(3495, 58, 62),
(3496, 59, 62),
(3497, 60, 62),
(3498, 61, 62),
(3499, 62, 62),
(3500, 63, 62),
(3501, 8, 63),
(3502, 9, 63),
(3503, 10, 63),
(3504, 11, 63),
(3505, 12, 63),
(3506, 13, 63),
(3507, 14, 63),
(3508, 15, 63),
(3509, 16, 63),
(3510, 17, 63),
(3511, 18, 63),
(3512, 19, 63),
(3513, 20, 63),
(3514, 21, 63),
(3515, 22, 63),
(3516, 23, 63),
(3517, 24, 63),
(3518, 25, 63),
(3519, 26, 63),
(3520, 27, 63),
(3521, 28, 63),
(3522, 29, 63),
(3523, 30, 63),
(3524, 31, 63),
(3525, 32, 63),
(3526, 33, 63),
(3527, 34, 63),
(3528, 35, 63),
(3529, 36, 63),
(3530, 37, 63),
(3531, 38, 63),
(3532, 39, 63),
(3533, 40, 63),
(3534, 41, 63),
(3535, 42, 63),
(3536, 43, 63),
(3537, 44, 63),
(3538, 45, 63),
(3539, 46, 63),
(3540, 47, 63),
(3541, 48, 63),
(3542, 49, 63),
(3543, 50, 63),
(3544, 51, 63),
(3545, 52, 63),
(3546, 53, 63),
(3547, 54, 63),
(3548, 55, 63),
(3549, 56, 63),
(3550, 57, 63),
(3551, 58, 63),
(3552, 59, 63),
(3553, 60, 63),
(3554, 61, 63),
(3555, 62, 63),
(3556, 63, 63),
(3557, 8, 64),
(3558, 9, 64),
(3559, 10, 64),
(3560, 11, 64),
(3561, 12, 64),
(3562, 13, 64),
(3563, 14, 64),
(3564, 15, 64),
(3565, 16, 64),
(3566, 17, 64),
(3567, 18, 64),
(3568, 19, 64),
(3569, 20, 64),
(3570, 21, 64),
(3571, 22, 64),
(3572, 23, 64),
(3573, 24, 64),
(3574, 25, 64),
(3575, 26, 64),
(3576, 27, 64),
(3577, 28, 64),
(3578, 29, 64),
(3579, 30, 64),
(3580, 31, 64),
(3581, 32, 64),
(3582, 33, 64),
(3583, 34, 64),
(3584, 35, 64),
(3585, 36, 64),
(3586, 37, 64),
(3587, 38, 64),
(3588, 39, 64),
(3589, 40, 64),
(3590, 41, 64),
(3591, 42, 64),
(3592, 43, 64),
(3593, 44, 64),
(3594, 45, 64),
(3595, 46, 64),
(3596, 47, 64),
(3597, 48, 64),
(3598, 49, 64),
(3599, 50, 64),
(3600, 51, 64),
(3601, 52, 64),
(3602, 53, 64),
(3603, 54, 64),
(3604, 55, 64),
(3605, 56, 64),
(3606, 57, 64),
(3607, 58, 64),
(3608, 59, 64),
(3609, 60, 64),
(3610, 61, 64),
(3611, 62, 64),
(3612, 63, 64),
(3613, 8, 65),
(3614, 9, 65),
(3615, 10, 65),
(3616, 11, 65),
(3617, 12, 65),
(3618, 13, 65),
(3619, 14, 65),
(3620, 15, 65),
(3621, 16, 65),
(3622, 17, 65),
(3623, 18, 65),
(3624, 19, 65),
(3625, 20, 65),
(3626, 21, 65),
(3627, 22, 65),
(3628, 23, 65),
(3629, 24, 65),
(3630, 25, 65),
(3631, 26, 65),
(3632, 27, 65),
(3633, 28, 65),
(3634, 29, 65),
(3635, 30, 65),
(3636, 31, 65),
(3637, 32, 65),
(3638, 33, 65),
(3639, 34, 65),
(3640, 35, 65),
(3641, 36, 65),
(3642, 37, 65),
(3643, 38, 65),
(3644, 39, 65),
(3645, 40, 65),
(3646, 41, 65),
(3647, 42, 65),
(3648, 43, 65),
(3649, 44, 65),
(3650, 45, 65),
(3651, 46, 65),
(3652, 47, 65),
(3653, 48, 65),
(3654, 49, 65),
(3655, 50, 65),
(3656, 51, 65),
(3657, 52, 65),
(3658, 53, 65),
(3659, 54, 65),
(3660, 55, 65),
(3661, 56, 65),
(3662, 57, 65),
(3663, 58, 65),
(3664, 59, 65),
(3665, 60, 65),
(3666, 61, 65),
(3667, 62, 65),
(3668, 63, 65),
(3669, 8, 66),
(3670, 9, 66),
(3671, 10, 66),
(3672, 11, 66),
(3673, 12, 66),
(3674, 13, 66),
(3675, 14, 66),
(3676, 15, 66),
(3677, 16, 66),
(3678, 17, 66),
(3679, 18, 66),
(3680, 19, 66),
(3681, 20, 66),
(3682, 21, 66),
(3683, 22, 66),
(3684, 23, 66),
(3685, 24, 66),
(3686, 25, 66),
(3687, 26, 66),
(3688, 27, 66),
(3689, 28, 66),
(3690, 29, 66),
(3691, 30, 66),
(3692, 31, 66),
(3693, 32, 66),
(3694, 33, 66),
(3695, 34, 66),
(3696, 35, 66),
(3697, 36, 66),
(3698, 37, 66),
(3699, 38, 66),
(3700, 39, 66),
(3701, 40, 66),
(3702, 41, 66),
(3703, 42, 66),
(3704, 43, 66),
(3705, 44, 66),
(3706, 45, 66),
(3707, 46, 66),
(3708, 47, 66),
(3709, 48, 66),
(3710, 49, 66),
(3711, 50, 66),
(3712, 51, 66);
INSERT INTO `tblcourseteacher` (`courseTeacherID`, `fk_teacherID`, `fk_courseID`) VALUES
(3713, 52, 66),
(3714, 53, 66),
(3715, 54, 66),
(3716, 55, 66),
(3717, 56, 66),
(3718, 57, 66),
(3719, 58, 66),
(3720, 59, 66),
(3721, 60, 66),
(3722, 61, 66),
(3723, 62, 66),
(3724, 63, 66),
(3725, 8, 67),
(3726, 9, 67),
(3727, 10, 67),
(3728, 11, 67),
(3729, 12, 67),
(3730, 13, 67),
(3731, 14, 67),
(3732, 15, 67),
(3733, 16, 67),
(3734, 17, 67),
(3735, 18, 67),
(3736, 19, 67),
(3737, 20, 67),
(3738, 21, 67),
(3739, 22, 67),
(3740, 23, 67),
(3741, 24, 67),
(3742, 25, 67),
(3743, 26, 67),
(3744, 27, 67),
(3745, 28, 67),
(3746, 29, 67),
(3747, 30, 67),
(3748, 31, 67),
(3749, 32, 67),
(3750, 33, 67),
(3751, 34, 67),
(3752, 35, 67),
(3753, 36, 67),
(3754, 37, 67),
(3755, 38, 67),
(3756, 39, 67),
(3757, 40, 67),
(3758, 41, 67),
(3759, 42, 67),
(3760, 43, 67),
(3761, 44, 67),
(3762, 45, 67),
(3763, 46, 67),
(3764, 47, 67),
(3765, 48, 67),
(3766, 49, 67),
(3767, 50, 67),
(3768, 51, 67),
(3769, 52, 67),
(3770, 53, 67),
(3771, 54, 67),
(3772, 55, 67),
(3773, 56, 67),
(3774, 57, 67),
(3775, 58, 67),
(3776, 59, 67),
(3777, 60, 67),
(3778, 61, 67),
(3779, 62, 67),
(3780, 63, 67),
(3781, 8, 68),
(3782, 9, 68),
(3783, 10, 68),
(3784, 11, 68),
(3785, 12, 68),
(3786, 13, 68),
(3787, 14, 68),
(3788, 15, 68),
(3789, 16, 68),
(3790, 17, 68),
(3791, 18, 68),
(3792, 19, 68),
(3793, 20, 68),
(3794, 21, 68),
(3795, 22, 68),
(3796, 23, 68),
(3797, 24, 68),
(3798, 25, 68),
(3799, 26, 68),
(3800, 27, 68),
(3801, 28, 68),
(3802, 29, 68),
(3803, 30, 68),
(3804, 31, 68),
(3805, 32, 68),
(3806, 33, 68),
(3807, 34, 68),
(3808, 35, 68),
(3809, 36, 68),
(3810, 37, 68),
(3811, 38, 68),
(3812, 39, 68),
(3813, 40, 68),
(3814, 41, 68),
(3815, 42, 68),
(3816, 43, 68),
(3817, 44, 68),
(3818, 45, 68),
(3819, 46, 68),
(3820, 47, 68),
(3821, 48, 68),
(3822, 49, 68),
(3823, 50, 68),
(3824, 51, 68),
(3825, 52, 68),
(3826, 53, 68),
(3827, 54, 68),
(3828, 55, 68),
(3829, 56, 68),
(3830, 57, 68),
(3831, 58, 68),
(3832, 59, 68),
(3833, 60, 68),
(3834, 61, 68),
(3835, 62, 68),
(3836, 63, 68),
(3837, 8, 69),
(3838, 9, 69),
(3839, 10, 69),
(3840, 11, 69),
(3841, 12, 69),
(3842, 13, 69),
(3843, 14, 69),
(3844, 15, 69),
(3845, 16, 69),
(3846, 17, 69),
(3847, 18, 69),
(3848, 19, 69),
(3849, 20, 69),
(3850, 21, 69),
(3851, 22, 69),
(3852, 23, 69),
(3853, 24, 69),
(3854, 25, 69),
(3855, 26, 69),
(3856, 27, 69),
(3857, 28, 69),
(3858, 29, 69),
(3859, 30, 69),
(3860, 31, 69),
(3861, 32, 69),
(3862, 33, 69),
(3863, 34, 69),
(3864, 35, 69),
(3865, 36, 69),
(3866, 37, 69),
(3867, 38, 69),
(3868, 39, 69),
(3869, 40, 69),
(3870, 41, 69),
(3871, 42, 69),
(3872, 43, 69),
(3873, 44, 69),
(3874, 45, 69),
(3875, 46, 69),
(3876, 47, 69),
(3877, 48, 69),
(3878, 49, 69),
(3879, 50, 69),
(3880, 51, 69),
(3881, 52, 69),
(3882, 53, 69),
(3883, 54, 69),
(3884, 55, 69),
(3885, 56, 69),
(3886, 57, 69),
(3887, 58, 69),
(3888, 59, 69),
(3889, 60, 69),
(3890, 61, 69),
(3891, 62, 69),
(3892, 63, 69),
(3893, 8, 70),
(3894, 9, 70),
(3895, 10, 70),
(3896, 11, 70),
(3897, 12, 70),
(3898, 13, 70),
(3899, 14, 70),
(3900, 15, 70),
(3901, 16, 70),
(3902, 17, 70),
(3903, 18, 70),
(3904, 19, 70),
(3905, 20, 70),
(3906, 21, 70),
(3907, 22, 70),
(3908, 23, 70),
(3909, 24, 70),
(3910, 25, 70),
(3911, 26, 70),
(3912, 27, 70),
(3913, 28, 70),
(3914, 29, 70),
(3915, 30, 70),
(3916, 31, 70),
(3917, 32, 70),
(3918, 33, 70),
(3919, 34, 70),
(3920, 35, 70),
(3921, 36, 70),
(3922, 37, 70),
(3923, 38, 70),
(3924, 39, 70),
(3925, 40, 70),
(3926, 41, 70),
(3927, 42, 70),
(3928, 43, 70),
(3929, 44, 70),
(3930, 45, 70),
(3931, 46, 70),
(3932, 47, 70),
(3933, 48, 70),
(3934, 49, 70),
(3935, 50, 70),
(3936, 51, 70),
(3937, 52, 70),
(3938, 53, 70),
(3939, 54, 70),
(3940, 55, 70),
(3941, 56, 70),
(3942, 57, 70),
(3943, 58, 70),
(3944, 59, 70),
(3945, 60, 70),
(3946, 61, 70),
(3947, 62, 70),
(3948, 63, 70),
(3949, 8, 71),
(3950, 9, 71),
(3951, 10, 71),
(3952, 11, 71),
(3953, 12, 71),
(3954, 13, 71),
(3955, 14, 71),
(3956, 15, 71),
(3957, 16, 71),
(3958, 17, 71),
(3959, 18, 71),
(3960, 19, 71),
(3961, 20, 71),
(3962, 21, 71),
(3963, 22, 71),
(3964, 23, 71),
(3965, 24, 71),
(3966, 25, 71),
(3967, 26, 71),
(3968, 27, 71),
(3969, 28, 71),
(3970, 29, 71),
(3971, 30, 71),
(3972, 31, 71),
(3973, 32, 71),
(3974, 33, 71),
(3975, 34, 71),
(3976, 35, 71),
(3977, 36, 71),
(3978, 37, 71),
(3979, 38, 71),
(3980, 39, 71),
(3981, 40, 71),
(3982, 41, 71),
(3983, 42, 71),
(3984, 43, 71),
(3985, 44, 71),
(3986, 45, 71),
(3987, 46, 71),
(3988, 47, 71),
(3989, 48, 71),
(3990, 49, 71),
(3991, 50, 71),
(3992, 51, 71),
(3993, 52, 71),
(3994, 53, 71),
(3995, 54, 71),
(3996, 55, 71),
(3997, 56, 71),
(3998, 57, 71),
(3999, 58, 71),
(4000, 59, 71),
(4001, 60, 71),
(4002, 61, 71),
(4003, 62, 71),
(4004, 63, 71),
(4005, 8, 72),
(4006, 9, 72),
(4007, 10, 72),
(4008, 11, 72),
(4009, 12, 72),
(4010, 13, 72),
(4011, 14, 72),
(4012, 15, 72),
(4013, 16, 72),
(4014, 17, 72),
(4015, 18, 72),
(4016, 19, 72),
(4017, 20, 72),
(4018, 21, 72),
(4019, 22, 72),
(4020, 23, 72),
(4021, 24, 72),
(4022, 25, 72),
(4023, 26, 72),
(4024, 27, 72),
(4025, 28, 72),
(4026, 29, 72),
(4027, 30, 72),
(4028, 31, 72),
(4029, 32, 72),
(4030, 33, 72),
(4031, 34, 72),
(4032, 35, 72),
(4033, 36, 72),
(4034, 37, 72),
(4035, 38, 72),
(4036, 39, 72),
(4037, 40, 72),
(4038, 41, 72),
(4039, 42, 72),
(4040, 43, 72),
(4041, 44, 72),
(4042, 45, 72),
(4043, 46, 72),
(4044, 47, 72),
(4045, 48, 72),
(4046, 49, 72),
(4047, 50, 72),
(4048, 51, 72),
(4049, 52, 72),
(4050, 53, 72),
(4051, 54, 72),
(4052, 55, 72),
(4053, 56, 72),
(4054, 57, 72),
(4055, 58, 72),
(4056, 59, 72),
(4057, 60, 72),
(4058, 61, 72),
(4059, 62, 72),
(4060, 63, 72),
(4061, 8, 73),
(4062, 9, 73),
(4063, 10, 73),
(4064, 11, 73),
(4065, 12, 73),
(4066, 13, 73),
(4067, 14, 73),
(4068, 15, 73),
(4069, 16, 73),
(4070, 17, 73),
(4071, 18, 73),
(4072, 19, 73),
(4073, 20, 73),
(4074, 21, 73),
(4075, 22, 73),
(4076, 23, 73),
(4077, 24, 73),
(4078, 25, 73),
(4079, 26, 73),
(4080, 27, 73),
(4081, 28, 73),
(4082, 29, 73),
(4083, 30, 73),
(4084, 31, 73),
(4085, 32, 73),
(4086, 33, 73),
(4087, 34, 73),
(4088, 35, 73),
(4089, 36, 73),
(4090, 37, 73),
(4091, 38, 73),
(4092, 39, 73),
(4093, 40, 73),
(4094, 41, 73),
(4095, 42, 73),
(4096, 43, 73),
(4097, 44, 73),
(4098, 45, 73),
(4099, 46, 73),
(4100, 47, 73),
(4101, 48, 73),
(4102, 49, 73),
(4103, 50, 73),
(4104, 51, 73),
(4105, 52, 73),
(4106, 53, 73),
(4107, 54, 73),
(4108, 55, 73),
(4109, 56, 73),
(4110, 57, 73),
(4111, 58, 73),
(4112, 59, 73),
(4113, 60, 73),
(4114, 61, 73),
(4115, 62, 73),
(4116, 63, 73),
(4117, 8, 74),
(4118, 9, 74),
(4119, 10, 74),
(4120, 11, 74),
(4121, 12, 74),
(4122, 13, 74),
(4123, 14, 74),
(4124, 15, 74),
(4125, 16, 74),
(4126, 17, 74),
(4127, 18, 74),
(4128, 19, 74),
(4129, 20, 74),
(4130, 21, 74),
(4131, 22, 74),
(4132, 23, 74),
(4133, 24, 74),
(4134, 25, 74),
(4135, 26, 74),
(4136, 27, 74),
(4137, 28, 74),
(4138, 29, 74),
(4139, 30, 74),
(4140, 31, 74),
(4141, 32, 74),
(4142, 33, 74),
(4143, 34, 74),
(4144, 35, 74),
(4145, 36, 74),
(4146, 37, 74),
(4147, 38, 74),
(4148, 39, 74),
(4149, 40, 74),
(4150, 41, 74),
(4151, 42, 74),
(4152, 43, 74),
(4153, 44, 74),
(4154, 45, 74),
(4155, 46, 74),
(4156, 47, 74),
(4157, 48, 74),
(4158, 49, 74),
(4159, 50, 74),
(4160, 51, 74),
(4161, 52, 74),
(4162, 53, 74),
(4163, 54, 74),
(4164, 55, 74),
(4165, 56, 74),
(4166, 57, 74),
(4167, 58, 74),
(4168, 59, 74),
(4169, 60, 74),
(4170, 61, 74),
(4171, 62, 74),
(4172, 63, 74),
(4173, 8, 75),
(4174, 9, 75),
(4175, 10, 75),
(4176, 11, 75),
(4177, 12, 75),
(4178, 13, 75),
(4179, 14, 75),
(4180, 15, 75),
(4181, 16, 75),
(4182, 17, 75),
(4183, 18, 75),
(4184, 19, 75),
(4185, 20, 75),
(4186, 21, 75),
(4187, 22, 75),
(4188, 23, 75),
(4189, 24, 75),
(4190, 25, 75),
(4191, 26, 75),
(4192, 27, 75),
(4193, 28, 75),
(4194, 29, 75),
(4195, 30, 75),
(4196, 31, 75),
(4197, 32, 75),
(4198, 33, 75),
(4199, 34, 75),
(4200, 35, 75),
(4201, 36, 75),
(4202, 37, 75),
(4203, 38, 75),
(4204, 39, 75),
(4205, 40, 75),
(4206, 41, 75),
(4207, 42, 75),
(4208, 43, 75),
(4209, 44, 75),
(4210, 45, 75),
(4211, 46, 75),
(4212, 47, 75),
(4213, 48, 75),
(4214, 49, 75),
(4215, 50, 75),
(4216, 51, 75),
(4217, 52, 75),
(4218, 53, 75),
(4219, 54, 75),
(4220, 55, 75),
(4221, 56, 75),
(4222, 57, 75),
(4223, 58, 75),
(4224, 59, 75),
(4225, 60, 75),
(4226, 61, 75),
(4227, 62, 75),
(4228, 63, 75),
(4229, 8, 76),
(4230, 9, 76),
(4231, 10, 76),
(4232, 11, 76),
(4233, 12, 76),
(4234, 13, 76),
(4235, 14, 76),
(4236, 15, 76),
(4237, 16, 76),
(4238, 17, 76),
(4239, 18, 76),
(4240, 19, 76),
(4241, 20, 76),
(4242, 21, 76),
(4243, 22, 76),
(4244, 23, 76),
(4245, 24, 76),
(4246, 25, 76),
(4247, 26, 76),
(4248, 27, 76),
(4249, 28, 76),
(4250, 29, 76),
(4251, 30, 76),
(4252, 31, 76),
(4253, 32, 76),
(4254, 33, 76),
(4255, 34, 76),
(4256, 35, 76),
(4257, 36, 76),
(4258, 37, 76),
(4259, 38, 76),
(4260, 39, 76),
(4261, 40, 76),
(4262, 41, 76),
(4263, 42, 76),
(4264, 43, 76),
(4265, 44, 76),
(4266, 45, 76),
(4267, 46, 76),
(4268, 47, 76),
(4269, 48, 76),
(4270, 49, 76),
(4271, 50, 76),
(4272, 51, 76),
(4273, 52, 76),
(4274, 53, 76),
(4275, 54, 76),
(4276, 55, 76),
(4277, 56, 76),
(4278, 57, 76),
(4279, 58, 76),
(4280, 59, 76),
(4281, 60, 76),
(4282, 61, 76),
(4283, 62, 76),
(4284, 63, 76),
(4285, 8, 77),
(4286, 9, 77),
(4287, 10, 77),
(4288, 11, 77),
(4289, 12, 77),
(4290, 13, 77),
(4291, 14, 77),
(4292, 15, 77),
(4293, 16, 77),
(4294, 17, 77),
(4295, 18, 77),
(4296, 19, 77),
(4297, 20, 77),
(4298, 21, 77),
(4299, 22, 77),
(4300, 23, 77),
(4301, 24, 77),
(4302, 25, 77),
(4303, 26, 77),
(4304, 27, 77),
(4305, 28, 77),
(4306, 29, 77),
(4307, 30, 77),
(4308, 31, 77),
(4309, 32, 77),
(4310, 33, 77),
(4311, 34, 77),
(4312, 35, 77),
(4313, 36, 77),
(4314, 37, 77),
(4315, 38, 77),
(4316, 39, 77),
(4317, 40, 77),
(4318, 41, 77),
(4319, 42, 77),
(4320, 43, 77),
(4321, 44, 77),
(4322, 45, 77),
(4323, 46, 77),
(4324, 47, 77),
(4325, 48, 77),
(4326, 49, 77),
(4327, 50, 77),
(4328, 51, 77),
(4329, 52, 77),
(4330, 53, 77),
(4331, 54, 77),
(4332, 55, 77),
(4333, 56, 77),
(4334, 57, 77),
(4335, 58, 77),
(4336, 59, 77),
(4337, 60, 77),
(4338, 61, 77),
(4339, 62, 77),
(4340, 63, 77),
(4341, 8, 78),
(4342, 9, 78),
(4343, 10, 78),
(4344, 11, 78),
(4345, 12, 78),
(4346, 13, 78),
(4347, 14, 78),
(4348, 15, 78),
(4349, 16, 78),
(4350, 17, 78),
(4351, 18, 78),
(4352, 19, 78),
(4353, 20, 78),
(4354, 21, 78),
(4355, 22, 78),
(4356, 23, 78),
(4357, 24, 78),
(4358, 25, 78),
(4359, 26, 78),
(4360, 27, 78),
(4361, 28, 78),
(4362, 29, 78),
(4363, 30, 78),
(4364, 31, 78),
(4365, 32, 78),
(4366, 33, 78),
(4367, 34, 78),
(4368, 35, 78),
(4369, 36, 78),
(4370, 37, 78),
(4371, 38, 78),
(4372, 39, 78),
(4373, 40, 78),
(4374, 41, 78),
(4375, 42, 78),
(4376, 43, 78),
(4377, 44, 78),
(4378, 45, 78),
(4379, 46, 78),
(4380, 47, 78),
(4381, 48, 78),
(4382, 49, 78),
(4383, 50, 78),
(4384, 51, 78),
(4385, 52, 78),
(4386, 53, 78),
(4387, 54, 78),
(4388, 55, 78),
(4389, 56, 78),
(4390, 57, 78),
(4391, 58, 78),
(4392, 59, 78),
(4393, 60, 78),
(4394, 61, 78),
(4395, 62, 78),
(4396, 63, 78),
(4397, 8, 79),
(4398, 9, 79),
(4399, 10, 79),
(4400, 11, 79),
(4401, 12, 79),
(4402, 13, 79),
(4403, 14, 79),
(4404, 15, 79),
(4405, 16, 79),
(4406, 17, 79),
(4407, 18, 79),
(4408, 19, 79),
(4409, 20, 79),
(4410, 21, 79),
(4411, 22, 79),
(4412, 23, 79),
(4413, 24, 79),
(4414, 25, 79),
(4415, 26, 79),
(4416, 27, 79),
(4417, 28, 79),
(4418, 29, 79),
(4419, 30, 79),
(4420, 31, 79),
(4421, 32, 79),
(4422, 33, 79),
(4423, 34, 79),
(4424, 35, 79),
(4425, 36, 79),
(4426, 37, 79),
(4427, 38, 79),
(4428, 39, 79),
(4429, 40, 79),
(4430, 41, 79),
(4431, 42, 79),
(4432, 43, 79),
(4433, 44, 79),
(4434, 45, 79),
(4435, 46, 79),
(4436, 47, 79),
(4437, 48, 79),
(4438, 49, 79),
(4439, 50, 79),
(4440, 51, 79),
(4441, 52, 79),
(4442, 53, 79),
(4443, 54, 79),
(4444, 55, 79),
(4445, 56, 79),
(4446, 57, 79),
(4447, 58, 79),
(4448, 59, 79),
(4449, 60, 79),
(4450, 61, 79),
(4451, 62, 79),
(4452, 63, 79),
(4453, 8, 80),
(4454, 9, 80),
(4455, 10, 80),
(4456, 11, 80),
(4457, 12, 80),
(4458, 13, 80),
(4459, 14, 80),
(4460, 15, 80),
(4461, 16, 80),
(4462, 17, 80),
(4463, 18, 80),
(4464, 19, 80),
(4465, 20, 80),
(4466, 21, 80),
(4467, 22, 80),
(4468, 23, 80),
(4469, 24, 80),
(4470, 25, 80),
(4471, 26, 80),
(4472, 27, 80),
(4473, 28, 80),
(4474, 29, 80),
(4475, 30, 80),
(4476, 31, 80),
(4477, 32, 80),
(4478, 33, 80),
(4479, 34, 80),
(4480, 35, 80),
(4481, 36, 80),
(4482, 37, 80),
(4483, 38, 80),
(4484, 39, 80),
(4485, 40, 80),
(4486, 41, 80),
(4487, 42, 80),
(4488, 43, 80),
(4489, 44, 80),
(4490, 45, 80),
(4491, 46, 80),
(4492, 47, 80),
(4493, 48, 80),
(4494, 49, 80),
(4495, 50, 80),
(4496, 51, 80),
(4497, 52, 80),
(4498, 53, 80),
(4499, 54, 80),
(4500, 55, 80),
(4501, 56, 80),
(4502, 57, 80),
(4503, 58, 80),
(4504, 59, 80),
(4505, 60, 80),
(4506, 61, 80),
(4507, 62, 80),
(4508, 63, 80),
(4509, 8, 81),
(4510, 9, 81),
(4511, 10, 81),
(4512, 11, 81),
(4513, 12, 81),
(4514, 13, 81),
(4515, 14, 81),
(4516, 15, 81),
(4517, 16, 81),
(4518, 17, 81),
(4519, 18, 81),
(4520, 19, 81),
(4521, 20, 81),
(4522, 21, 81),
(4523, 22, 81),
(4524, 23, 81),
(4525, 24, 81),
(4526, 25, 81),
(4527, 26, 81),
(4528, 27, 81),
(4529, 28, 81),
(4530, 29, 81),
(4531, 30, 81),
(4532, 31, 81),
(4533, 32, 81),
(4534, 33, 81),
(4535, 34, 81),
(4536, 35, 81),
(4537, 36, 81),
(4538, 37, 81),
(4539, 38, 81),
(4540, 39, 81),
(4541, 40, 81),
(4542, 41, 81),
(4543, 42, 81),
(4544, 43, 81),
(4545, 44, 81),
(4546, 45, 81),
(4547, 46, 81),
(4548, 47, 81),
(4549, 48, 81),
(4550, 49, 81),
(4551, 50, 81),
(4552, 51, 81),
(4553, 52, 81),
(4554, 53, 81),
(4555, 54, 81),
(4556, 55, 81),
(4557, 56, 81),
(4558, 57, 81),
(4559, 58, 81),
(4560, 59, 81),
(4561, 60, 81),
(4562, 61, 81),
(4563, 62, 81),
(4564, 63, 81),
(4565, 8, 82),
(4566, 9, 82),
(4567, 10, 82),
(4568, 11, 82),
(4569, 12, 82),
(4570, 13, 82),
(4571, 14, 82),
(4572, 15, 82),
(4573, 16, 82),
(4574, 17, 82),
(4575, 18, 82),
(4576, 19, 82),
(4577, 20, 82),
(4578, 21, 82),
(4579, 22, 82),
(4580, 23, 82),
(4581, 24, 82),
(4582, 25, 82),
(4583, 26, 82),
(4584, 27, 82),
(4585, 28, 82),
(4586, 29, 82),
(4587, 30, 82),
(4588, 31, 82),
(4589, 32, 82),
(4590, 33, 82),
(4591, 34, 82),
(4592, 35, 82),
(4593, 36, 82),
(4594, 37, 82),
(4595, 38, 82),
(4596, 39, 82),
(4597, 40, 82),
(4598, 41, 82),
(4599, 42, 82),
(4600, 43, 82),
(4601, 44, 82),
(4602, 45, 82),
(4603, 46, 82),
(4604, 47, 82),
(4605, 48, 82),
(4606, 49, 82),
(4607, 50, 82),
(4608, 51, 82),
(4609, 52, 82),
(4610, 53, 82),
(4611, 54, 82),
(4612, 55, 82),
(4613, 56, 82),
(4614, 57, 82),
(4615, 58, 82),
(4616, 59, 82),
(4617, 60, 82),
(4618, 61, 82),
(4619, 62, 82),
(4620, 63, 82),
(4621, 8, 83),
(4622, 9, 83),
(4623, 10, 83),
(4624, 11, 83),
(4625, 12, 83),
(4626, 13, 83),
(4627, 14, 83),
(4628, 15, 83),
(4629, 16, 83),
(4630, 17, 83),
(4631, 18, 83),
(4632, 19, 83),
(4633, 20, 83),
(4634, 21, 83),
(4635, 22, 83),
(4636, 23, 83),
(4637, 24, 83),
(4638, 25, 83),
(4639, 26, 83),
(4640, 27, 83),
(4641, 28, 83),
(4642, 29, 83),
(4643, 30, 83),
(4644, 31, 83),
(4645, 32, 83),
(4646, 33, 83),
(4647, 34, 83),
(4648, 35, 83),
(4649, 36, 83),
(4650, 37, 83),
(4651, 38, 83),
(4652, 39, 83),
(4653, 40, 83),
(4654, 41, 83),
(4655, 42, 83),
(4656, 43, 83),
(4657, 44, 83),
(4658, 45, 83),
(4659, 46, 83),
(4660, 47, 83),
(4661, 48, 83),
(4662, 49, 83),
(4663, 50, 83),
(4664, 51, 83),
(4665, 52, 83),
(4666, 53, 83),
(4667, 54, 83),
(4668, 55, 83),
(4669, 56, 83),
(4670, 57, 83),
(4671, 58, 83),
(4672, 59, 83),
(4673, 60, 83),
(4674, 61, 83),
(4675, 62, 83),
(4676, 63, 83),
(4677, 8, 84),
(4678, 9, 84),
(4679, 10, 84),
(4680, 11, 84),
(4681, 12, 84),
(4682, 13, 84),
(4683, 14, 84),
(4684, 15, 84),
(4685, 16, 84),
(4686, 17, 84),
(4687, 18, 84),
(4688, 19, 84),
(4689, 20, 84),
(4690, 21, 84),
(4691, 22, 84),
(4692, 23, 84),
(4693, 24, 84),
(4694, 25, 84),
(4695, 26, 84),
(4696, 27, 84),
(4697, 28, 84),
(4698, 29, 84),
(4699, 30, 84),
(4700, 31, 84),
(4701, 32, 84),
(4702, 33, 84),
(4703, 34, 84),
(4704, 35, 84),
(4705, 36, 84),
(4706, 37, 84),
(4707, 38, 84),
(4708, 39, 84),
(4709, 40, 84),
(4710, 41, 84),
(4711, 42, 84),
(4712, 43, 84),
(4713, 44, 84),
(4714, 45, 84),
(4715, 46, 84),
(4716, 47, 84),
(4717, 48, 84),
(4718, 49, 84),
(4719, 50, 84),
(4720, 51, 84),
(4721, 52, 84),
(4722, 53, 84),
(4723, 54, 84),
(4724, 55, 84),
(4725, 56, 84),
(4726, 57, 84),
(4727, 58, 84),
(4728, 59, 84),
(4729, 60, 84),
(4730, 61, 84),
(4731, 62, 84),
(4732, 63, 84),
(4733, 8, 85),
(4734, 9, 85),
(4735, 10, 85),
(4736, 11, 85),
(4737, 12, 85),
(4738, 13, 85),
(4739, 14, 85),
(4740, 15, 85),
(4741, 16, 85),
(4742, 17, 85),
(4743, 18, 85),
(4744, 19, 85),
(4745, 20, 85),
(4746, 21, 85),
(4747, 22, 85),
(4748, 23, 85),
(4749, 24, 85),
(4750, 25, 85),
(4751, 26, 85),
(4752, 27, 85),
(4753, 28, 85),
(4754, 29, 85),
(4755, 30, 85),
(4756, 31, 85),
(4757, 32, 85),
(4758, 33, 85),
(4759, 34, 85),
(4760, 35, 85),
(4761, 36, 85),
(4762, 37, 85),
(4763, 38, 85),
(4764, 39, 85),
(4765, 40, 85),
(4766, 41, 85),
(4767, 42, 85),
(4768, 43, 85),
(4769, 44, 85),
(4770, 45, 85),
(4771, 46, 85),
(4772, 47, 85),
(4773, 48, 85),
(4774, 49, 85),
(4775, 50, 85),
(4776, 51, 85),
(4777, 52, 85),
(4778, 53, 85),
(4779, 54, 85),
(4780, 55, 85),
(4781, 56, 85),
(4782, 57, 85),
(4783, 58, 85),
(4784, 59, 85),
(4785, 60, 85),
(4786, 61, 85),
(4787, 62, 85),
(4788, 63, 85),
(4789, 8, 86),
(4790, 9, 86),
(4791, 10, 86),
(4792, 11, 86),
(4793, 12, 86),
(4794, 13, 86),
(4795, 14, 86),
(4796, 15, 86),
(4797, 16, 86),
(4798, 17, 86),
(4799, 18, 86),
(4800, 19, 86),
(4801, 20, 86),
(4802, 21, 86),
(4803, 22, 86),
(4804, 23, 86),
(4805, 24, 86),
(4806, 25, 86),
(4807, 26, 86),
(4808, 27, 86),
(4809, 28, 86),
(4810, 29, 86),
(4811, 30, 86),
(4812, 31, 86),
(4813, 32, 86),
(4814, 33, 86),
(4815, 34, 86),
(4816, 35, 86),
(4817, 36, 86),
(4818, 37, 86),
(4819, 38, 86),
(4820, 39, 86),
(4821, 40, 86),
(4822, 41, 86),
(4823, 42, 86),
(4824, 43, 86),
(4825, 44, 86),
(4826, 45, 86),
(4827, 46, 86),
(4828, 47, 86),
(4829, 48, 86),
(4830, 49, 86),
(4831, 50, 86),
(4832, 51, 86),
(4833, 52, 86),
(4834, 53, 86),
(4835, 54, 86),
(4836, 55, 86),
(4837, 56, 86),
(4838, 57, 86),
(4839, 58, 86),
(4840, 59, 86),
(4841, 60, 86),
(4842, 61, 86),
(4843, 62, 86),
(4844, 63, 86),
(4845, 8, 87),
(4846, 9, 87),
(4847, 10, 87),
(4848, 11, 87),
(4849, 12, 87),
(4850, 13, 87),
(4851, 14, 87),
(4852, 15, 87),
(4853, 16, 87),
(4854, 17, 87),
(4855, 18, 87),
(4856, 19, 87),
(4857, 20, 87),
(4858, 21, 87),
(4859, 22, 87),
(4860, 23, 87),
(4861, 24, 87),
(4862, 25, 87),
(4863, 26, 87),
(4864, 27, 87),
(4865, 28, 87),
(4866, 29, 87),
(4867, 30, 87),
(4868, 31, 87),
(4869, 32, 87),
(4870, 33, 87),
(4871, 34, 87),
(4872, 35, 87),
(4873, 36, 87),
(4874, 37, 87),
(4875, 38, 87),
(4876, 39, 87),
(4877, 40, 87),
(4878, 41, 87),
(4879, 42, 87),
(4880, 43, 87),
(4881, 44, 87),
(4882, 45, 87),
(4883, 46, 87),
(4884, 47, 87),
(4885, 48, 87),
(4886, 49, 87),
(4887, 50, 87),
(4888, 51, 87),
(4889, 52, 87),
(4890, 53, 87),
(4891, 54, 87),
(4892, 55, 87),
(4893, 56, 87),
(4894, 57, 87),
(4895, 58, 87),
(4896, 59, 87),
(4897, 60, 87),
(4898, 61, 87),
(4899, 62, 87),
(4900, 63, 87),
(4901, 8, 88),
(4902, 9, 88),
(4903, 10, 88),
(4904, 11, 88),
(4905, 12, 88),
(4906, 13, 88),
(4907, 14, 88),
(4908, 15, 88),
(4909, 16, 88),
(4910, 17, 88),
(4911, 18, 88),
(4912, 19, 88),
(4913, 20, 88),
(4914, 21, 88),
(4915, 22, 88),
(4916, 23, 88),
(4917, 24, 88),
(4918, 25, 88),
(4919, 26, 88),
(4920, 27, 88),
(4921, 28, 88),
(4922, 29, 88),
(4923, 30, 88),
(4924, 31, 88),
(4925, 32, 88),
(4926, 33, 88),
(4927, 34, 88),
(4928, 35, 88),
(4929, 36, 88),
(4930, 37, 88),
(4931, 38, 88),
(4932, 39, 88),
(4933, 40, 88),
(4934, 41, 88),
(4935, 42, 88),
(4936, 43, 88),
(4937, 44, 88),
(4938, 45, 88),
(4939, 46, 88),
(4940, 47, 88),
(4941, 48, 88),
(4942, 49, 88),
(4943, 50, 88),
(4944, 51, 88),
(4945, 52, 88),
(4946, 53, 88),
(4947, 54, 88),
(4948, 55, 88),
(4949, 56, 88),
(4950, 57, 88),
(4951, 58, 88),
(4952, 59, 88),
(4953, 60, 88),
(4954, 61, 88),
(4955, 62, 88),
(4956, 63, 88),
(4957, 8, 89),
(4958, 9, 89),
(4959, 10, 89),
(4960, 11, 89),
(4961, 12, 89),
(4962, 13, 89),
(4963, 14, 89),
(4964, 15, 89),
(4965, 16, 89),
(4966, 17, 89),
(4967, 18, 89),
(4968, 19, 89),
(4969, 20, 89),
(4970, 21, 89),
(4971, 22, 89),
(4972, 23, 89),
(4973, 24, 89),
(4974, 25, 89),
(4975, 26, 89),
(4976, 27, 89),
(4977, 28, 89),
(4978, 29, 89),
(4979, 30, 89),
(4980, 31, 89),
(4981, 32, 89),
(4982, 33, 89),
(4983, 34, 89),
(4984, 35, 89),
(4985, 36, 89),
(4986, 37, 89),
(4987, 38, 89),
(4988, 39, 89),
(4989, 40, 89),
(4990, 41, 89),
(4991, 42, 89),
(4992, 43, 89),
(4993, 44, 89),
(4994, 45, 89),
(4995, 46, 89),
(4996, 47, 89),
(4997, 48, 89),
(4998, 49, 89),
(4999, 50, 89),
(5000, 51, 89),
(5001, 52, 89),
(5002, 53, 89),
(5003, 54, 89),
(5004, 55, 89),
(5005, 56, 89),
(5006, 57, 89),
(5007, 58, 89),
(5008, 59, 89),
(5009, 60, 89),
(5010, 61, 89),
(5011, 62, 89),
(5012, 63, 89),
(5013, 8, 90),
(5014, 9, 90),
(5015, 10, 90),
(5016, 11, 90),
(5017, 12, 90),
(5018, 13, 90),
(5019, 14, 90),
(5020, 15, 90),
(5021, 16, 90),
(5022, 17, 90),
(5023, 18, 90),
(5024, 19, 90),
(5025, 20, 90),
(5026, 21, 90),
(5027, 22, 90),
(5028, 23, 90),
(5029, 24, 90),
(5030, 25, 90),
(5031, 26, 90),
(5032, 27, 90),
(5033, 28, 90),
(5034, 29, 90),
(5035, 30, 90),
(5036, 31, 90),
(5037, 32, 90),
(5038, 33, 90),
(5039, 34, 90),
(5040, 35, 90),
(5041, 36, 90),
(5042, 37, 90),
(5043, 38, 90),
(5044, 39, 90),
(5045, 40, 90),
(5046, 41, 90),
(5047, 42, 90),
(5048, 43, 90),
(5049, 44, 90),
(5050, 45, 90),
(5051, 46, 90),
(5052, 47, 90),
(5053, 48, 90),
(5054, 49, 90),
(5055, 50, 90),
(5056, 51, 90),
(5057, 52, 90),
(5058, 53, 90),
(5059, 54, 90),
(5060, 55, 90),
(5061, 56, 90),
(5062, 57, 90),
(5063, 58, 90),
(5064, 59, 90),
(5065, 60, 90),
(5066, 61, 90),
(5067, 62, 90),
(5068, 63, 90),
(5069, 8, 91),
(5070, 9, 91),
(5071, 10, 91),
(5072, 11, 91),
(5073, 12, 91),
(5074, 13, 91),
(5075, 14, 91),
(5076, 15, 91),
(5077, 16, 91),
(5078, 17, 91),
(5079, 18, 91),
(5080, 19, 91),
(5081, 20, 91),
(5082, 21, 91),
(5083, 22, 91),
(5084, 23, 91),
(5085, 24, 91),
(5086, 25, 91),
(5087, 26, 91),
(5088, 27, 91),
(5089, 28, 91),
(5090, 29, 91),
(5091, 30, 91),
(5092, 31, 91),
(5093, 32, 91),
(5094, 33, 91),
(5095, 34, 91),
(5096, 35, 91),
(5097, 36, 91),
(5098, 37, 91),
(5099, 38, 91),
(5100, 39, 91),
(5101, 40, 91),
(5102, 41, 91),
(5103, 42, 91),
(5104, 43, 91),
(5105, 44, 91),
(5106, 45, 91),
(5107, 46, 91),
(5108, 47, 91),
(5109, 48, 91),
(5110, 49, 91),
(5111, 50, 91),
(5112, 51, 91),
(5113, 52, 91),
(5114, 53, 91),
(5115, 54, 91),
(5116, 55, 91),
(5117, 56, 91),
(5118, 57, 91),
(5119, 58, 91),
(5120, 59, 91),
(5121, 60, 91),
(5122, 61, 91),
(5123, 62, 91),
(5124, 63, 91),
(5125, 8, 92),
(5126, 9, 92),
(5127, 10, 92),
(5128, 11, 92),
(5129, 12, 92),
(5130, 13, 92),
(5131, 14, 92),
(5132, 15, 92),
(5133, 16, 92),
(5134, 17, 92),
(5135, 18, 92),
(5136, 19, 92),
(5137, 20, 92),
(5138, 21, 92),
(5139, 22, 92),
(5140, 23, 92),
(5141, 24, 92),
(5142, 25, 92),
(5143, 26, 92),
(5144, 27, 92),
(5145, 28, 92),
(5146, 29, 92),
(5147, 30, 92),
(5148, 31, 92),
(5149, 32, 92),
(5150, 33, 92),
(5151, 34, 92),
(5152, 35, 92),
(5153, 36, 92),
(5154, 37, 92),
(5155, 38, 92),
(5156, 39, 92),
(5157, 40, 92),
(5158, 41, 92),
(5159, 42, 92),
(5160, 43, 92),
(5161, 44, 92),
(5162, 45, 92),
(5163, 46, 92),
(5164, 47, 92),
(5165, 48, 92),
(5166, 49, 92),
(5167, 50, 92),
(5168, 51, 92),
(5169, 52, 92),
(5170, 53, 92),
(5171, 54, 92),
(5172, 55, 92),
(5173, 56, 92),
(5174, 57, 92),
(5175, 58, 92),
(5176, 59, 92),
(5177, 60, 92),
(5178, 61, 92),
(5179, 62, 92),
(5180, 63, 92),
(5181, 8, 93),
(5182, 9, 93),
(5183, 10, 93),
(5184, 11, 93),
(5185, 12, 93),
(5186, 13, 93),
(5187, 14, 93),
(5188, 15, 93),
(5189, 16, 93),
(5190, 17, 93),
(5191, 18, 93),
(5192, 19, 93),
(5193, 20, 93),
(5194, 21, 93),
(5195, 22, 93),
(5196, 23, 93),
(5197, 24, 93),
(5198, 25, 93),
(5199, 26, 93),
(5200, 27, 93),
(5201, 28, 93),
(5202, 29, 93),
(5203, 30, 93),
(5204, 31, 93),
(5205, 32, 93),
(5206, 33, 93),
(5207, 34, 93),
(5208, 35, 93),
(5209, 36, 93),
(5210, 37, 93),
(5211, 38, 93),
(5212, 39, 93),
(5213, 40, 93),
(5214, 41, 93),
(5215, 42, 93),
(5216, 43, 93),
(5217, 44, 93),
(5218, 45, 93),
(5219, 46, 93),
(5220, 47, 93),
(5221, 48, 93),
(5222, 49, 93),
(5223, 50, 93),
(5224, 51, 93),
(5225, 52, 93),
(5226, 53, 93),
(5227, 54, 93),
(5228, 55, 93),
(5229, 56, 93),
(5230, 57, 93),
(5231, 58, 93),
(5232, 59, 93),
(5233, 60, 93),
(5234, 61, 93),
(5235, 62, 93),
(5236, 63, 93),
(5237, 8, 94),
(5238, 9, 94),
(5239, 10, 94),
(5240, 11, 94),
(5241, 12, 94),
(5242, 13, 94),
(5243, 14, 94),
(5244, 15, 94),
(5245, 16, 94),
(5246, 17, 94),
(5247, 18, 94),
(5248, 19, 94),
(5249, 20, 94),
(5250, 21, 94),
(5251, 22, 94),
(5252, 23, 94),
(5253, 24, 94),
(5254, 25, 94),
(5255, 26, 94),
(5256, 27, 94),
(5257, 28, 94),
(5258, 29, 94),
(5259, 30, 94),
(5260, 31, 94),
(5261, 32, 94),
(5262, 33, 94),
(5263, 34, 94),
(5264, 35, 94),
(5265, 36, 94),
(5266, 37, 94),
(5267, 38, 94),
(5268, 39, 94),
(5269, 40, 94),
(5270, 41, 94),
(5271, 42, 94),
(5272, 43, 94),
(5273, 44, 94),
(5274, 45, 94),
(5275, 46, 94),
(5276, 47, 94),
(5277, 48, 94),
(5278, 49, 94),
(5279, 50, 94),
(5280, 51, 94),
(5281, 52, 94),
(5282, 53, 94),
(5283, 54, 94),
(5284, 55, 94),
(5285, 56, 94),
(5286, 57, 94),
(5287, 58, 94),
(5288, 59, 94),
(5289, 60, 94),
(5290, 61, 94),
(5291, 62, 94),
(5292, 63, 94),
(5293, 8, 95),
(5294, 9, 95),
(5295, 10, 95),
(5296, 11, 95),
(5297, 12, 95),
(5298, 13, 95),
(5299, 14, 95),
(5300, 15, 95),
(5301, 16, 95),
(5302, 17, 95),
(5303, 18, 95),
(5304, 19, 95),
(5305, 20, 95),
(5306, 21, 95),
(5307, 22, 95),
(5308, 23, 95),
(5309, 24, 95),
(5310, 25, 95),
(5311, 26, 95),
(5312, 27, 95),
(5313, 28, 95),
(5314, 29, 95),
(5315, 30, 95),
(5316, 31, 95),
(5317, 32, 95),
(5318, 33, 95),
(5319, 34, 95),
(5320, 35, 95),
(5321, 36, 95),
(5322, 37, 95),
(5323, 38, 95),
(5324, 39, 95),
(5325, 40, 95),
(5326, 41, 95),
(5327, 42, 95),
(5328, 43, 95),
(5329, 44, 95),
(5330, 45, 95),
(5331, 46, 95),
(5332, 47, 95),
(5333, 48, 95),
(5334, 49, 95),
(5335, 50, 95),
(5336, 51, 95),
(5337, 52, 95),
(5338, 53, 95),
(5339, 54, 95),
(5340, 55, 95),
(5341, 56, 95),
(5342, 57, 95),
(5343, 58, 95),
(5344, 59, 95),
(5345, 60, 95),
(5346, 61, 95),
(5347, 62, 95),
(5348, 63, 95),
(5349, 8, 96),
(5350, 9, 96),
(5351, 10, 96),
(5352, 11, 96),
(5353, 12, 96),
(5354, 13, 96),
(5355, 14, 96),
(5356, 15, 96),
(5357, 16, 96),
(5358, 17, 96),
(5359, 18, 96),
(5360, 19, 96),
(5361, 20, 96),
(5362, 21, 96),
(5363, 22, 96),
(5364, 23, 96),
(5365, 24, 96),
(5366, 25, 96),
(5367, 26, 96),
(5368, 27, 96),
(5369, 28, 96),
(5370, 29, 96),
(5371, 30, 96),
(5372, 31, 96),
(5373, 32, 96),
(5374, 33, 96),
(5375, 34, 96),
(5376, 35, 96),
(5377, 36, 96),
(5378, 37, 96),
(5379, 38, 96),
(5380, 39, 96),
(5381, 40, 96),
(5382, 41, 96),
(5383, 42, 96),
(5384, 43, 96),
(5385, 44, 96),
(5386, 45, 96),
(5387, 46, 96),
(5388, 47, 96),
(5389, 48, 96),
(5390, 49, 96),
(5391, 50, 96),
(5392, 51, 96),
(5393, 52, 96),
(5394, 53, 96),
(5395, 54, 96),
(5396, 55, 96),
(5397, 56, 96),
(5398, 57, 96),
(5399, 58, 96),
(5400, 59, 96),
(5401, 60, 96),
(5402, 61, 96),
(5403, 62, 96),
(5404, 63, 96),
(5405, 8, 97),
(5406, 9, 97),
(5407, 10, 97),
(5408, 11, 97),
(5409, 12, 97),
(5410, 13, 97),
(5411, 14, 97),
(5412, 15, 97),
(5413, 16, 97),
(5414, 17, 97),
(5415, 18, 97),
(5416, 19, 97),
(5417, 20, 97),
(5418, 21, 97),
(5419, 22, 97),
(5420, 23, 97),
(5421, 24, 97),
(5422, 25, 97),
(5423, 26, 97),
(5424, 27, 97),
(5425, 28, 97),
(5426, 29, 97),
(5427, 30, 97),
(5428, 31, 97),
(5429, 32, 97),
(5430, 33, 97),
(5431, 34, 97),
(5432, 35, 97),
(5433, 36, 97),
(5434, 37, 97),
(5435, 38, 97),
(5436, 39, 97),
(5437, 40, 97),
(5438, 41, 97),
(5439, 42, 97),
(5440, 43, 97),
(5441, 44, 97),
(5442, 45, 97),
(5443, 46, 97),
(5444, 47, 97),
(5445, 48, 97),
(5446, 49, 97),
(5447, 50, 97),
(5448, 51, 97),
(5449, 52, 97),
(5450, 53, 97),
(5451, 54, 97),
(5452, 55, 97),
(5453, 56, 97),
(5454, 57, 97),
(5455, 58, 97),
(5456, 59, 97),
(5457, 60, 97),
(5458, 61, 97),
(5459, 62, 97),
(5460, 63, 97),
(5461, 8, 98),
(5462, 9, 98),
(5463, 10, 98),
(5464, 11, 98),
(5465, 12, 98),
(5466, 13, 98),
(5467, 14, 98),
(5468, 15, 98),
(5469, 16, 98),
(5470, 17, 98),
(5471, 18, 98),
(5472, 19, 98),
(5473, 20, 98),
(5474, 21, 98),
(5475, 22, 98),
(5476, 23, 98),
(5477, 24, 98),
(5478, 25, 98),
(5479, 26, 98),
(5480, 27, 98),
(5481, 28, 98),
(5482, 29, 98),
(5483, 30, 98),
(5484, 31, 98),
(5485, 32, 98),
(5486, 33, 98),
(5487, 34, 98),
(5488, 35, 98),
(5489, 36, 98),
(5490, 37, 98),
(5491, 38, 98),
(5492, 39, 98),
(5493, 40, 98),
(5494, 41, 98),
(5495, 42, 98),
(5496, 43, 98),
(5497, 44, 98),
(5498, 45, 98),
(5499, 46, 98),
(5500, 47, 98),
(5501, 48, 98),
(5502, 49, 98),
(5503, 50, 98),
(5504, 51, 98),
(5505, 52, 98),
(5506, 53, 98),
(5507, 54, 98),
(5508, 55, 98),
(5509, 56, 98),
(5510, 57, 98),
(5511, 58, 98),
(5512, 59, 98),
(5513, 60, 98),
(5514, 61, 98),
(5515, 62, 98),
(5516, 63, 98),
(5517, 8, 99),
(5518, 9, 99),
(5519, 10, 99),
(5520, 11, 99),
(5521, 12, 99),
(5522, 13, 99),
(5523, 14, 99),
(5524, 15, 99),
(5525, 16, 99),
(5526, 17, 99),
(5527, 18, 99),
(5528, 19, 99),
(5529, 20, 99),
(5530, 21, 99),
(5531, 22, 99),
(5532, 23, 99),
(5533, 24, 99),
(5534, 25, 99),
(5535, 26, 99),
(5536, 27, 99),
(5537, 28, 99),
(5538, 29, 99),
(5539, 30, 99),
(5540, 31, 99),
(5541, 32, 99),
(5542, 33, 99),
(5543, 34, 99),
(5544, 35, 99),
(5545, 36, 99),
(5546, 37, 99),
(5547, 38, 99),
(5548, 39, 99),
(5549, 40, 99),
(5550, 41, 99),
(5551, 42, 99),
(5552, 43, 99),
(5553, 44, 99),
(5554, 45, 99),
(5555, 46, 99),
(5556, 47, 99),
(5557, 48, 99),
(5558, 49, 99),
(5559, 50, 99),
(5560, 51, 99),
(5561, 52, 99),
(5562, 53, 99),
(5563, 54, 99),
(5564, 55, 99),
(5565, 56, 99),
(5566, 57, 99),
(5567, 58, 99),
(5568, 59, 99),
(5569, 60, 99),
(5570, 61, 99),
(5571, 62, 99),
(5572, 63, 99),
(5573, 8, 100),
(5574, 9, 100),
(5575, 10, 100),
(5576, 11, 100),
(5577, 12, 100),
(5578, 13, 100),
(5579, 14, 100),
(5580, 15, 100),
(5581, 16, 100),
(5582, 17, 100),
(5583, 18, 100),
(5584, 19, 100),
(5585, 20, 100),
(5586, 21, 100),
(5587, 22, 100),
(5588, 23, 100),
(5589, 24, 100),
(5590, 25, 100),
(5591, 26, 100),
(5592, 27, 100),
(5593, 28, 100),
(5594, 29, 100),
(5595, 30, 100),
(5596, 31, 100),
(5597, 32, 100),
(5598, 33, 100),
(5599, 34, 100),
(5600, 35, 100),
(5601, 36, 100),
(5602, 37, 100),
(5603, 38, 100),
(5604, 39, 100),
(5605, 40, 100),
(5606, 41, 100),
(5607, 42, 100),
(5608, 43, 100),
(5609, 44, 100),
(5610, 45, 100),
(5611, 46, 100),
(5612, 47, 100),
(5613, 48, 100),
(5614, 49, 100),
(5615, 50, 100),
(5616, 51, 100),
(5617, 52, 100),
(5618, 53, 100),
(5619, 54, 100),
(5620, 55, 100),
(5621, 56, 100),
(5622, 57, 100),
(5623, 58, 100),
(5624, 59, 100),
(5625, 60, 100),
(5626, 61, 100),
(5627, 62, 100),
(5628, 63, 100),
(5629, 64, 101),
(5631, 64, 103);

-- --------------------------------------------------------

--
-- Table structure for table `tblstudentrecord`
--

CREATE TABLE `tblstudentrecord` (
  `studentID` bigint(20) NOT NULL,
  `acctid_fk_studentrecord` bigint(20) NOT NULL,
  `course` enum('BSIT','BSCS','ETC') NOT NULL,
  `gradelvl` int(99) NOT NULL
) ENGINE=InnoDB DEFAULT CHARSET=utf8mb4 COLLATE=utf8mb4_general_ci;

--
-- Dumping data for table `tblstudentrecord`
--

INSERT INTO `tblstudentrecord` (`studentID`, `acctid_fk_studentrecord`, `course`, `gradelvl`) VALUES
(9, 2, 'BSCS', 1),
(10, 3, 'BSIT', 2),
(11, 4, 'BSCS', 3),
(12, 5, 'BSIT', 2),
(13, 9, 'BSCS', 2),
(14, 10, 'BSIT', 2),
(15, 18, 'BSCS', 2),
(16, 20, 'BSCS', 1),
(17, 22, 'BSIT', 2),
(18, 23, 'BSIT', 1),
(19, 24, 'BSIT', 1),
(20, 27, 'BSIT', 1),
(21, 28, 'BSIT', 2),
(22, 33, 'BSCS', 2),
(23, 34, 'BSIT', 3),
(24, 36, 'BSIT', 3),
(25, 37, 'BSIT', 3),
(26, 38, 'BSIT', 3),
(27, 43, 'BSIT', 3),
(28, 44, 'BSIT', 3),
(29, 47, 'BSCS', 3),
(30, 50, 'BSCS', 3),
(31, 52, 'BSIT', 3),
(32, 53, 'BSCS', 3),
(33, 54, 'BSIT', 2),
(34, 55, 'BSIT', 2),
(35, 59, 'ETC', 2),
(36, 61, 'ETC', 0),
(37, 62, 'ETC', 0),
(38, 63, 'ETC', 0),
(39, 64, 'BSCS', 0),
(40, 65, 'ETC', 0),
(41, 73, 'ETC', 2),
(42, 74, 'ETC', 3),
(43, 76, 'ETC', 1),
(44, 77, 'BSCS', 3),
(45, 80, 'ETC', 1),
(46, 81, 'ETC', 2),
(47, 82, 'BSCS', 1),
(48, 83, 'BSIT', 1),
(49, 84, 'ETC', 1),
(50, 86, 'ETC', 1),
(51, 94, 'BSIT', 1),
(52, 98, 'BSCS', 1),
(72, 2, 'BSIT', 0),
(73, 3, 'BSCS', 2),
(74, 4, 'BSIT', 0),
(75, 5, 'BSCS', 3),
(76, 9, 'BSIT', 0),
(77, 10, 'BSIT', 0),
(78, 18, 'BSIT', 0),
(79, 20, 'BSCS', 0),
(80, 22, 'BSIT', 0),
(81, 23, 'BSIT', 0),
(82, 24, 'BSCS', 0),
(83, 27, 'BSIT', 0),
(84, 28, 'BSCS', 0),
(85, 33, 'BSCS', 0),
(86, 34, 'BSIT', 0),
(87, 36, 'BSIT', 0),
(88, 37, 'BSIT', 0),
(89, 38, 'BSIT', 0),
(90, 43, 'BSCS', 0),
(91, 44, 'BSIT', 0),
(92, 47, 'BSCS', 0),
(93, 50, 'BSCS', 0),
(94, 52, 'BSCS', 0),
(95, 53, 'BSIT', 0),
(96, 54, 'BSIT', 0),
(97, 55, 'BSCS', 0),
(98, 59, 'BSIT', 0),
(99, 61, 'BSIT', 0),
(100, 62, 'BSIT', 0),
(101, 63, 'BSCS', 0),
(102, 64, 'BSIT', 0),
(103, 65, 'BSCS', 0),
(104, 73, 'BSIT', 0),
(105, 74, 'BSIT', 0),
(106, 76, 'BSCS', 0),
(107, 77, 'BSCS', 0),
(108, 80, 'BSIT', 0),
(109, 81, 'BSCS', 0),
(110, 82, 'BSIT', 0),
(111, 83, 'BSCS', 0),
(112, 84, 'BSCS', 0),
(113, 86, 'BSCS', 0),
(114, 94, 'BSIT', 0),
(115, 98, 'BSCS', 0);

-- --------------------------------------------------------

--
-- Table structure for table `tblteacherrecord`
--

CREATE TABLE `tblteacherrecord` (
  `teacherID` bigint(20) NOT NULL,
  `acctid_fk_teacherrecord` bigint(20) NOT NULL,
  `course` enum('BSIT','BSCS','ETC') NOT NULL
) ENGINE=InnoDB DEFAULT CHARSET=utf8mb4 COLLATE=utf8mb4_general_ci;

--
-- Dumping data for table `tblteacherrecord`
--

INSERT INTO `tblteacherrecord` (`teacherID`, `acctid_fk_teacherrecord`, `course`) VALUES
(8, 1, 'BSCS'),
(9, 6, 'BSIT'),
(10, 7, 'BSIT'),
(11, 8, 'BSIT'),
(12, 11, 'BSCS'),
(13, 12, 'BSIT'),
(14, 13, 'BSIT'),
(15, 14, 'BSIT'),
(16, 15, 'BSIT'),
(17, 16, 'BSCS'),
(18, 17, 'BSCS'),
(19, 19, 'BSCS'),
(20, 21, 'BSCS'),
(21, 25, 'BSIT'),
(22, 26, 'BSIT'),
(23, 29, 'BSCS'),
(24, 30, 'BSIT'),
(25, 31, 'BSIT'),
(26, 32, 'BSIT'),
(27, 35, 'BSIT'),
(28, 39, 'BSCS'),
(29, 40, 'BSCS'),
(30, 41, 'BSIT'),
(31, 42, 'BSIT'),
(32, 45, 'BSCS'),
(33, 46, 'BSIT'),
(34, 48, 'BSIT'),
(35, 49, 'BSCS'),
(36, 51, 'BSIT'),
(37, 56, 'BSIT'),
(38, 57, 'BSIT'),
(39, 58, 'BSIT'),
(40, 60, 'BSIT'),
(41, 66, 'BSIT'),
(42, 67, 'BSIT'),
(43, 68, 'BSIT'),
(44, 69, 'BSCS'),
(45, 70, 'BSIT'),
(46, 71, 'BSIT'),
(47, 72, 'BSIT'),
(48, 75, 'BSCS'),
(49, 78, 'BSIT'),
(50, 79, 'BSIT'),
(51, 85, 'BSCS'),
(52, 87, 'BSIT'),
(53, 88, 'BSIT'),
(54, 89, 'BSIT'),
(55, 90, 'BSIT'),
(56, 91, 'BSIT'),
(57, 92, 'BSCS'),
(58, 93, 'BSCS'),
(59, 95, 'BSIT'),
(60, 96, 'BSIT'),
(61, 97, 'BSIT'),
(62, 99, 'BSCS'),
(63, 100, 'BSIT'),
(64, 119, 'BSIT');

-- --------------------------------------------------------

--
-- Table structure for table `tbluseraccount`
--

CREATE TABLE `tbluseraccount` (
  `acctid` bigint(20) NOT NULL COMMENT 'primary key, foreignkey to tbluserprofile',
  `emailadd` text NOT NULL COMMENT 'email address of the user',
  `username` varchar(50) NOT NULL COMMENT 'username',
  `password` varchar(50) NOT NULL COMMENT 'password',
  `usertype` enum('student','teacher') NOT NULL COMMENT 'Must be Student or Teacher',
  `isActive` tinyint(1) NOT NULL
) ENGINE=InnoDB DEFAULT CHARSET=utf8mb4 COLLATE=utf8mb4_general_ci;

--
-- Dumping data for table `tbluseraccount`
--

INSERT INTO `tbluseraccount` (`acctid`, `emailadd`, `username`, `password`, `usertype`, `isActive`) VALUES
(1, 'ryearn0@google.nl', 'hleckey0', 'bfliIFSXFDKTQ', 'teacher', 0),
(2, 'twileman1@amazon.de', 'pnozzolii1', 'iodgJXIAMCQSY', 'student', 1),
(3, 'rhaukey2@eepurl.com', 'elamkin2', 'tipxJECXYLQWW7', 'student', 0),
(4, 'syesinov3@nba.com', 'fswayte3', 'isskVNMAZLLHLy', 'student', 1),
(5, 'gbraisby4@usa.gov', 'agherardesci4', 'arnwOZCXJIQSV', 'student', 1),
(6, 'dsilk5@deliciousdays.com', 'pgronous5', 'biftDGKGNLNXS', 'teacher', 0),
(7, 'ttaile6@creativecommons.org', 'ntash6', 'ivmwRLXYSPAWA', 'teacher', 0),
(8, 'jduguid7@mtv.com', 'rskett7', 'ohfmYMALAYVSNJ2', 'teacher', 1),
(9, 'bsackey8@jigsy.com', 'hrosebotham8', 'ajbpKSUHWIWOK', 'student', 0),
(10, 'mplinck9@newsvine.com', 'rparry9', 'tehbZGQQHNMQIO6', 'student', 1),
(11, 'ebirckmanna@addthis.com', 'abinleya', 'kinpVULEMFBMX', 'teacher', 1),
(12, 'sborrelb@abc.net.au', 'fomearab', 'xbxlJOMAGJMWM!c)', 'teacher', 0),
(13, 'rthemannc@bing.com', 'jantoniettic', 'zxhuBRIZLWOFX', 'teacher', 0),
(14, 'spantind@hexun.com', 'jolenikovd', 'wcpyYSAFSYBQL', 'teacher', 1),
(15, 'laphalee@tinyurl.com', 'beckersalle', 'xxiaHOADQMBTL', 'teacher', 0),
(16, 'kafieldf@upenn.edu', 'rmartyf', 'iawxTHWNKWQHC', 'teacher', 1),
(17, 'kgylleg@chicagotribune.com', 'ebeamandg', 'bnmbTVUZSPTZK#EY', 'teacher', 0),
(18, 'cchidlerh@com.com', 'gcuellh', 'omfzVFTSBAJSPJ', 'student', 0),
(19, 'mculmeri@skyrock.com', 'ddamanti', 'fkfoMNWPSNCNT', 'teacher', 1),
(20, 'fgodfroyj@home.pl', 'fduellj', 'wzlzXVEZXVSSF9X', 'student', 0),
(21, 'apedlinghamk@goodreads.com', 'tmicheletk', 'plhvGKHMRKMVI', 'teacher', 1),
(22, 'kshipl@usa.gov', 'syeal', 'naabKQXWZCWGM', 'student', 1),
(23, 'mfikem@omniture.com', 'fodgaardm', 'bbjeDUYNNNCEM', 'student', 0),
(24, 'ssycen@quantcast.com', 'jdornn', 'vcrdSLGUZACEQ&g?', 'student', 1),
(25, 'rburtwhistleo@prweb.com', 'relsleyo', 'zwuoLSYDGMQBR', 'teacher', 1),
(26, 'fforcerp@cbc.ca', 'cstripplingp', 'zkpqQTVVDVIEBp)X', 'teacher', 0),
(27, 'ghauchq@sourceforge.net', 'jchallesq', 'mqyfPZMNYPEZV', 'student', 0),
(28, 'mbeazleyr@go.com', 'cpallinr', 'hxalHJTGLZOFX', 'student', 1),
(29, 'rleindeckers@drupal.org', 'sangrics', 'dfehXWOSAMYHL', 'teacher', 1),
(30, 'cbandeyt@goo.gl', 'apoundsfordt', 'krklUAUQCXRXE', 'teacher', 0),
(31, 'mbloanu@exblog.jp', 'arainsdonu', 'znmxXQVYMGKEB', 'teacher', 0),
(32, 'ojoirisv@fastcompany.com', 'alaysonv', 'ugbuISTMIZXHJ', 'teacher', 0),
(33, 'gphelipsw@usgs.gov', 'pjerzykw', 'toqbJSYRBSBNA', 'student', 0),
(34, 'mdetloffx@slashdot.org', 'jfairsx', 'cjeaJNWMAVTYVSk', 'student', 1),
(35, 'bmayory@infoseek.co.jp', 'schungy', 'srgjGTJTHHMKSE', 'teacher', 0),
(36, 'slatourz@sphinn.com', 'bbuggez', 'ppueGTHPZZZWH9X?', 'student', 0),
(37, 'wwhines10@odnoklassniki.ru', 'evicarey10', 'fbjbCQAAQXMZN', 'student', 1),
(38, 'spischof11@google.com.au', 'sdunnet11', 'dkkzDDFOACRJVC#', 'student', 1),
(39, 'ddunhill12@auda.org.au', 'oord12', 'lsuoMAMXWTOMD', 'teacher', 0),
(40, 'mdumingos13@e-recht24.de', 'cturbefield13', 'mwayDVBKJLZML', 'teacher', 1),
(41, 'msabates14@wix.com', 'ebickle14', 'eibeFNEFUYVFH', 'teacher', 0),
(42, 'gsparwell15@ucsd.edu', 'vginnell15', 'amnsSNURYAALBh{', 'teacher', 0),
(43, 'aokelleher16@google.fr', 'mdovermann16', 'zvnlYLCFNNMGS', 'student', 1),
(44, 'mchesshire17@unesco.org', 'lhellmer17', 'jnscPQEFEPSQD&eu', 'student', 0),
(45, 'bbuffery18@slate.com', 'dmacdougall18', 'awzfAJECPDDZS\'os', 'teacher', 0),
(46, 'btrappe19@ed.gov', 'jburcombe19', 'pfpyVAAXMZDXR', 'teacher', 1),
(47, 'kmussetti1a@moonfruit.com', 'jgeffen1a', 'lgxuUSSURIHVAy', 'student', 0),
(48, 'pgosford1b@omniture.com', 'sfoort1b', 'rujaHVAHLWWSE)Fu', 'teacher', 0),
(49, 'wsperrett1c@uiuc.edu', 'lenstone1c', 'dsphPTZQDYCSEoN', 'teacher', 0),
(50, 'mskirvane1d@va.gov', 'liscowitz1d', 'jeeaGOHUDUFKD', 'student', 1),
(51, 'chuckle1e@umich.edu', 'gscoines1e', 'sinxOJFMAPRPDm', 'teacher', 0),
(52, 'dnelligan1f@bbc.co.uk', 'mdee1f', 'dkfvSODYQSMHR', 'student', 1),
(53, 'bgilfillan1g@newyorker.com', 'gmacmenamin1g', 'agfnROGYMWEMHyW\'', 'student', 0),
(54, 'djenking1h@ovh.net', 'pgosdin1h', 'bonlFZTWWCDPN$td', 'student', 1),
(55, 'wnovacek1i@free.fr', 'uemps1i', 'jqkmNZQRHNCXC', 'student', 0),
(56, 'cbrewitt1j@walmart.com', 'rstainer1j', 'jmthGQXCUEXAI', 'teacher', 0),
(57, 'slob1k@rediff.com', 'mvido1k', 'bfvcGNPOXUHEB', 'teacher', 1),
(58, 'dblackham1l@vk.com', 'dwestlake1l', 'icgtSUTPIHOCD', 'teacher', 1),
(59, 'mmonnoyer1m@github.com', 'jlabbati1m', 'fjytMHHWLFADR', 'student', 1),
(60, 'nprescot1n@xrea.com', 'sgaines1n', 'jgrkZFTERZXGXFG', 'teacher', 1),
(61, 'dvuitton1o@mysql.com', 'lnind1o', 'shlsNALNDIJZB', 'student', 0),
(62, 'bbidmead1p@baidu.com', 'dmalenoir1p', 'nzdzQZKVZXWUM', 'student', 0),
(63, 'gspriggin1q@wunderground.com', 'ahardiker1q', 'teufWSJVNXGVV?Fe', 'student', 0),
(64, 'kmacinherney1r@nbcnews.com', 'dmitton1r', 'ssdtIQDIEZXDW', 'student', 0),
(65, 'ndavidek1s@topsy.com', 'emckerley1s', 'wutoYLUJVEEVKh}', 'student', 1),
(66, 'arevie1t@icq.com', 'kfincken1t', 'euryQGBYXFLFRF>', 'teacher', 0),
(67, 'tpotten1u@cloudflare.com', 'eishak1u', 'desgPSTPZVEZL', 'teacher', 0),
(68, 'dfullegar1v@typepad.com', 'ekender1v', 'mifhSVXQVQSNL', 'teacher', 0),
(69, 'ttebald1w@51.la', 'deye1w', 'ryfsSWKMBMCSV', 'teacher', 1),
(70, 'mbernaert1x@seesaa.net', 'iunstead1x', 'rjyaYYACNRMAM', 'teacher', 0),
(71, 'cfursland1y@bigcartel.com', 'smcmoyer1y', 'mmpcGPDOJVXZG', 'teacher', 0),
(72, 'ebesson1z@istockphoto.com', 'nlarmuth1z', 'mjesANQBUIXUG6j', 'teacher', 1),
(73, 'lbuard20@harvard.edu', 'frevens20', 'tywmEIPSTZMVK', 'student', 1),
(74, 'gniccols21@g.co', 'ohaward21', 'xjmpDQHZIOYLW', 'student', 0),
(75, 'spenhaligon22@friendfeed.com', 'sshoubridge22', 'wqjxVDYNMEWIE', 'teacher', 0),
(76, 'bcristofaro23@istockphoto.com', 'rcurcher23', 'kchgEWGKFVPDM', 'student', 0),
(77, 'scaldwall24@ebay.co.uk', 'rwindus24', 'zndvQBPNWCVIASF', 'student', 0),
(78, 'mtollerton25@vkontakte.ru', 'dhawgood25', 'mmkmQCTHHRFVI', 'teacher', 0),
(79, 'elilian26@usatoday.com', 'rtrayton26', 'utzgZHTNELBIR', 'teacher', 0),
(80, 'bianne27@jigsy.com', 'ltregust27', 'rxidPJZTTYFSS', 'student', 0),
(81, 'rmcorkill28@uol.com.br', 'llynch28', 'xwxmTQFRZEHLWnC', 'student', 0),
(82, 'ghowselee29@house.gov', 'bbracegirdle29', 'ynigHZARFWMLM', 'student', 1),
(83, 'chardern2a@123-reg.co.uk', 'pstiven2a', 'ptqwCJNBLFVFYacZ', 'student', 0),
(84, 'oableson2b@list-manage.com', 'adeandreis2b', 'afzrGRVZAXTMR', 'student', 0),
(85, 'meddie2c@google.com.hk', 'wbertot2c', 'ooylMGPLXZTGT', 'teacher', 0),
(86, 'wdrexel2d@imdb.com', 'cgheorghie2d', 'zqprSTOWWUQJD', 'student', 1),
(87, 'akapelhof2e@oracle.com', 'cbowdidge2e', 'tefbFVCAVFJVX', 'teacher', 0),
(88, 'acheese2f@accuweather.com', 'bheindle2f', 'gniuYSUJTXIED', 'teacher', 1),
(89, 'amccloid2g@xinhuanet.com', 'tfigure2g', 'xroyGWOKWKSXF', 'teacher', 0),
(90, 'bsignore2h@google.fr', 'ecoombe2h', 'nmlkFKBZVRUND', 'teacher', 0),
(91, 'qbarnsdall2i@buzzfeed.com', 'slargent2i', 'pjxaLXWLSDROHF!%', 'teacher', 1),
(92, 'djaume2j@themeforest.net', 'wsempill2j', 'jgdrZRQFXOENI', 'teacher', 1),
(93, 'csiberry2k@discuz.net', 'dburtenshaw2k', 'xdczCNVBMLNQC', 'teacher', 1),
(94, 'clampard2l@ucoz.com', 'fflorentine2l', 'vapqUTVVCYMMZ', 'student', 1),
(95, 'cbootman2m@xinhuanet.com', 'ragett2m', 'dyihCHZHUAFLH', 'teacher', 1),
(96, 'mlittleproud2n@gmpg.org', 'rspurryer2n', 'wuxlGYNNFZESF|@t', 'teacher', 0),
(97, 'dhinzer2o@imgur.com', 'fchipperfield2o', 'wpyrIMEGPNAGC', 'teacher', 0),
(98, 'abiasi2p@hud.gov', 'zrosetti2p', 'mtrgLCDSTEPXY=', 'student', 0),
(99, 'hhalsall2q@rambler.ru', 'gborgne2q', 'lsccKCNPRZEJI6', 'teacher', 0),
(100, 'rsandifer2r@google.com.hk', 'achesshyre2r', 'nhzfQXINHGYRB', 'teacher', 1),
(119, 'keiru277@gmail.com', 'keiru277', '123', 'teacher', 0);

-- --------------------------------------------------------

--
-- Table structure for table `tbluserprofile`
--

CREATE TABLE `tbluserprofile` (
  `userid` bigint(20) UNSIGNED NOT NULL COMMENT 'UserID of the User',
  `acctid_fk_userprofile` bigint(20) NOT NULL,
  `firstname` varchar(50) NOT NULL COMMENT 'First name of the user',
  `lastname` varchar(50) NOT NULL COMMENT 'Last name of the user',
  `gender` varchar(25) NOT NULL COMMENT 'Gender of the user',
  `birthdate` date NOT NULL COMMENT 'Birthdate of the user'
) ENGINE=InnoDB DEFAULT CHARSET=utf8mb4 COLLATE=utf8mb4_general_ci COMMENT='Profile of the user';

--
-- Dumping data for table `tbluserprofile`
--

INSERT INTO `tbluserprofile` (`userid`, `acctid_fk_userprofile`, `firstname`, `lastname`, `gender`, `birthdate`) VALUES
(1, 1, 'Wilhelmine', 'Waind', 'Female', '2019-08-13'),
(2, 2, 'Clyve', 'Bangle', 'Male', '1999-03-06'),
(3, 3, 'Nicolea', 'Ludlow', 'Female', '1999-02-15'),
(4, 4, 'Andriana', 'Christescu', 'Female', '2013-01-08'),
(5, 5, 'Collen', 'Faustian', 'Female', '1996-06-22'),
(6, 6, 'Noella', 'Tregien', 'Female', '1992-05-11'),
(7, 7, 'Ede', 'Rickesies', 'Female', '1992-12-29'),
(8, 8, 'Joshia', 'Riccetti', 'Male', '1998-03-29'),
(9, 9, 'Barrett', 'Marjoram', 'Male', '2012-02-15'),
(10, 10, 'Ange', 'Danielut', 'Female', '2001-11-27'),
(11, 11, 'Kendrick', 'Rampage', 'Male', '2010-10-04'),
(12, 12, 'Gavin', 'Mabee', 'Male', '2013-10-18'),
(13, 13, 'Gilbertina', 'Corradi', 'Female', '2016-12-18'),
(14, 14, 'Manny', 'Caughey', 'Male', '2011-06-14'),
(15, 15, 'Ingeborg', 'Sumpter', 'Female', '2019-08-16'),
(16, 16, 'Arlana', 'Bruckman', 'Female', '2019-06-17'),
(17, 17, 'Isis', 'Naulty', 'Female', '1998-11-27'),
(18, 18, 'Nate', 'Ashton', 'Male', '2000-09-09'),
(19, 19, 'Seamus', 'Gwin', 'Male', '2007-02-10'),
(20, 20, 'Illa', 'Draysey', 'Female', '1995-11-04'),
(21, 21, 'Jobina', 'Lintin', 'Female', '1991-01-05'),
(22, 22, 'Sylvia', 'Skace', 'Female', '2006-09-11'),
(23, 23, 'Delano', 'Martinyuk', 'Male', '1995-07-17'),
(24, 24, 'Melly', 'Campaigne', 'Female', '1999-10-09'),
(25, 25, 'Jules', 'Farnill', 'Male', '2009-07-02'),
(26, 26, 'Abram', 'Harrad', 'Male', '2004-10-02'),
(27, 27, 'Rip', 'Mottram', 'Male', '2017-03-26'),
(28, 28, 'Mill', 'Pickett', 'Male', '1993-07-14'),
(29, 29, 'Jocko', 'Viollet', 'Male', '1991-07-09'),
(30, 30, 'Avery', 'Szepe', 'Male', '2011-03-02'),
(31, 31, 'Wanids', 'Helks', 'Female', '2000-04-18'),
(32, 32, 'Eugene', 'Horsley', 'Male', '2014-05-29'),
(33, 33, 'Brandea', 'Airs', 'Female', '2006-04-29'),
(34, 34, 'Barney', 'Baudet', 'Male', '1991-03-31'),
(35, 35, 'Dita', 'Nise', 'Female', '2016-06-24'),
(36, 36, 'Sibilla', 'Berndtsson', 'Female', '2008-01-07'),
(37, 37, 'Dorri', 'Salamon', 'Female', '2012-08-07'),
(38, 38, 'Dodi', 'Gruczka', 'Female', '1990-11-03'),
(39, 39, 'Cornell', 'Le Friec', 'Male', '2005-11-27'),
(40, 40, 'Arabelle', 'Barthram', 'Female', '2003-10-14'),
(41, 41, 'Jessee', 'Sandcraft', 'Male', '1998-03-12'),
(42, 42, 'Jard', 'Dumper', 'Male', '2020-12-30'),
(43, 43, 'Laureen', 'Daunter', 'Female', '2004-05-07'),
(44, 44, 'Tadio', 'Cator', 'Male', '1992-12-12'),
(45, 45, 'Brantley', 'Hodgins', 'Male', '1999-10-22'),
(46, 46, 'Ado', 'Avent', 'Male', '1996-08-01'),
(47, 47, 'Alethea', 'Demanche', 'Female', '2019-04-13'),
(48, 48, 'Way', 'MacInherney', 'Male', '2003-12-30'),
(49, 49, 'Lucius', 'Narrie', 'Male', '2004-09-24'),
(50, 50, 'Freddie', 'Piatek', 'Female', '2008-08-08'),
(51, 51, 'Egbert', 'Mc Comb', 'Male', '1999-03-04'),
(52, 52, 'Francyne', 'Boyer', 'Female', '1999-07-06'),
(53, 53, 'Bondon', 'Denial', 'Male', '1993-09-02'),
(54, 54, 'Susannah', 'Oakwell', 'Female', '1993-11-30'),
(55, 55, 'Merrick', 'Meriel', 'Male', '1996-02-07'),
(56, 56, 'Essa', 'Dislee', 'Female', '1996-04-29'),
(57, 57, 'Hanny', 'Jolliss', 'Female', '2020-01-23'),
(58, 58, 'Cazzie', 'Klamman', 'Male', '2007-03-01'),
(59, 59, 'York', 'Gonthier', 'Male', '2004-12-15'),
(60, 60, 'Abigail', 'Bennetts', 'Female', '2004-03-10'),
(61, 61, 'Paulita', 'Bramhall', 'Female', '2012-11-27'),
(62, 62, 'Berkly', 'MacTrusty', 'Male', '2000-08-13'),
(63, 63, 'Cassey', 'Tidbald', 'Female', '2006-03-31'),
(64, 64, 'Wildon', 'Pringell', 'Male', '1995-11-24'),
(65, 65, 'Linnet', 'Shivell', 'Female', '2006-12-26'),
(66, 66, 'Arther', 'Ruller', 'Male', '1992-06-20'),
(67, 67, 'Wallis', 'Gowthrop', 'Female', '2009-01-18'),
(68, 68, 'Lorilee', 'Lenden', 'Female', '2012-10-05'),
(69, 69, 'Pace', 'Ballendine', 'Male', '1998-07-16'),
(70, 70, 'Lucky', 'Challener', 'Female', '2007-03-16'),
(71, 71, 'Bliss', 'Brixham', 'Female', '2010-08-13'),
(72, 72, 'Lurlene', 'Riccioppo', 'Female', '1993-05-17'),
(73, 73, 'Clerkclaude', 'Brimilcombe', 'Male', '2018-04-05'),
(74, 74, 'Eldredge', 'Tidy', 'Male', '2019-10-10'),
(75, 75, 'Ritchie', 'Tickle', 'Male', '1997-05-30'),
(76, 76, 'Mill', 'Turneaux', 'Male', '2017-04-02'),
(77, 77, 'Jeri', 'Hackworth', 'Female', '1992-02-22'),
(78, 78, 'Sherlocke', 'Danielovitch', 'Male', '2019-01-14'),
(79, 79, 'Obidiah', 'Mastrantone', 'Male', '2001-11-14'),
(80, 80, 'Pete', 'Klesel', 'Male', '2012-02-09'),
(81, 81, 'Priscilla', 'Lepoidevin', 'Female', '2006-01-09'),
(82, 82, 'Loraine', 'Varfalameev', 'Female', '1999-03-18'),
(83, 83, 'Madelena', 'Gail', 'Female', '1999-09-08'),
(84, 84, 'Edgard', 'Anespie', 'Male', '1993-12-17'),
(85, 85, 'Ardella', 'Swetman', 'Female', '2006-07-21'),
(86, 86, 'Wallis', 'Poutress', 'Female', '2013-02-11'),
(87, 87, 'Willyt', 'Havvock', 'Female', '2001-09-05'),
(88, 88, 'Pincus', 'Hufton', 'Male', '2007-11-15'),
(89, 89, 'Leigh', 'Dannohl', 'Female', '2019-03-25'),
(90, 90, 'Lenore', 'Titchmarsh', 'Female', '2012-01-21'),
(91, 91, 'Melba', 'Arzu', 'Female', '2002-04-29'),
(92, 92, 'Andrei', 'Collabine', 'Female', '2008-11-06'),
(93, 93, 'Ardis', 'Buckney', 'Female', '2001-05-01'),
(94, 94, 'Culver', 'Giriardelli', 'Male', '1996-09-30'),
(95, 95, 'Veradis', 'McIntee', 'Female', '2007-09-17'),
(96, 96, 'Eryn', 'Carr', 'Female', '1990-12-10'),
(97, 97, 'Vivien', 'Ivel', 'Female', '2017-03-27'),
(98, 98, 'Britt', 'Janse', 'Female', '1996-08-13'),
(99, 99, 'Carleen', 'Gever', 'Female', '1998-09-26'),
(100, 100, 'Ruthe', 'Kilpatrick', 'Female', '2020-02-03'),
(137, 119, 'Keiru vent', 'Cabili', 'male', '2024-05-28');

--
-- Indexes for dumped tables
--

--
-- Indexes for table `tblactivityrecord`
--
ALTER TABLE `tblactivityrecord`
  ADD PRIMARY KEY (`activityID`),
  ADD KEY `fk_courseID` (`fk_courseID`),
  ADD KEY `fk_teacherID` (`fk_teacherID`);

--
-- Indexes for table `tblcourse`
--
ALTER TABLE `tblcourse`
  ADD PRIMARY KEY (`courseID`);

--
-- Indexes for table `tblcoursestudent`
--
ALTER TABLE `tblcoursestudent`
  ADD PRIMARY KEY (`courseStudentID`),
  ADD KEY `courseID` (`courseID`),
  ADD KEY `studentID` (`studentID`);

--
-- Indexes for table `tblcourseteacher`
--
ALTER TABLE `tblcourseteacher`
  ADD PRIMARY KEY (`courseTeacherID`),
  ADD KEY `teacherID` (`fk_teacherID`),
  ADD KEY `fk_courseID` (`fk_courseID`);

--
-- Indexes for table `tblstudentrecord`
--
ALTER TABLE `tblstudentrecord`
  ADD PRIMARY KEY (`studentID`),
  ADD KEY `acctid_fk_studentrecord` (`acctid_fk_studentrecord`);

--
-- Indexes for table `tblteacherrecord`
--
ALTER TABLE `tblteacherrecord`
  ADD PRIMARY KEY (`teacherID`),
  ADD KEY `acctid_fk_teacherrecord` (`acctid_fk_teacherrecord`);

--
-- Indexes for table `tbluseraccount`
--
ALTER TABLE `tbluseraccount`
  ADD PRIMARY KEY (`acctid`),
  ADD KEY `acctid_fk` (`acctid`);

--
-- Indexes for table `tbluserprofile`
--
ALTER TABLE `tbluserprofile`
  ADD PRIMARY KEY (`userid`),
  ADD UNIQUE KEY `userid` (`userid`),
  ADD KEY `acctid_fk` (`acctid_fk_userprofile`);

--
-- AUTO_INCREMENT for dumped tables
--

--
-- AUTO_INCREMENT for table `tblactivityrecord`
--
ALTER TABLE `tblactivityrecord`
  MODIFY `activityID` bigint(20) NOT NULL AUTO_INCREMENT, AUTO_INCREMENT=13894;

--
-- AUTO_INCREMENT for table `tblcourse`
--
ALTER TABLE `tblcourse`
  MODIFY `courseID` bigint(20) NOT NULL AUTO_INCREMENT, AUTO_INCREMENT=104;

--
-- AUTO_INCREMENT for table `tblcoursestudent`
--
ALTER TABLE `tblcoursestudent`
  MODIFY `courseStudentID` bigint(20) NOT NULL AUTO_INCREMENT, AUTO_INCREMENT=8815;

--
-- AUTO_INCREMENT for table `tblcourseteacher`
--
ALTER TABLE `tblcourseteacher`
  MODIFY `courseTeacherID` bigint(20) NOT NULL AUTO_INCREMENT, AUTO_INCREMENT=5632;

--
-- AUTO_INCREMENT for table `tblstudentrecord`
--
ALTER TABLE `tblstudentrecord`
  MODIFY `studentID` bigint(20) NOT NULL AUTO_INCREMENT, AUTO_INCREMENT=141;

--
-- AUTO_INCREMENT for table `tblteacherrecord`
--
ALTER TABLE `tblteacherrecord`
  MODIFY `teacherID` bigint(20) NOT NULL AUTO_INCREMENT, AUTO_INCREMENT=65;

--
-- AUTO_INCREMENT for table `tbluseraccount`
--
ALTER TABLE `tbluseraccount`
  MODIFY `acctid` bigint(20) NOT NULL AUTO_INCREMENT COMMENT 'primary key, foreignkey to tbluserprofile', AUTO_INCREMENT=120;

--
-- AUTO_INCREMENT for table `tbluserprofile`
--
ALTER TABLE `tbluserprofile`
  MODIFY `userid` bigint(20) UNSIGNED NOT NULL AUTO_INCREMENT COMMENT 'UserID of the User', AUTO_INCREMENT=138;

--
-- Constraints for dumped tables
--

--
-- Constraints for table `tblactivityrecord`
--
ALTER TABLE `tblactivityrecord`
  ADD CONSTRAINT `fk_courseID` FOREIGN KEY (`fk_courseID`) REFERENCES `tblcourse` (`courseID`) ON DELETE CASCADE ON UPDATE CASCADE,
  ADD CONSTRAINT `fk_teacherID` FOREIGN KEY (`fk_teacherID`) REFERENCES `tblteacherrecord` (`teacherID`) ON DELETE NO ACTION ON UPDATE NO ACTION;

--
-- Constraints for table `tblcoursestudent`
--
ALTER TABLE `tblcoursestudent`
  ADD CONSTRAINT `courseID` FOREIGN KEY (`courseID`) REFERENCES `tblcourse` (`courseID`) ON DELETE CASCADE ON UPDATE CASCADE,
  ADD CONSTRAINT `studentID` FOREIGN KEY (`studentID`) REFERENCES `tblstudentrecord` (`studentID`) ON DELETE CASCADE ON UPDATE CASCADE;

--
-- Constraints for table `tblcourseteacher`
--
ALTER TABLE `tblcourseteacher`
  ADD CONSTRAINT `coursefk` FOREIGN KEY (`fk_courseID`) REFERENCES `tblcourse` (`courseID`) ON DELETE CASCADE ON UPDATE CASCADE,
  ADD CONSTRAINT `teacherID` FOREIGN KEY (`fk_teacherID`) REFERENCES `tblteacherrecord` (`teacherID`) ON DELETE CASCADE ON UPDATE CASCADE;

--
-- Constraints for table `tblstudentrecord`
--
ALTER TABLE `tblstudentrecord`
  ADD CONSTRAINT `acctid_fk_studentrecord` FOREIGN KEY (`acctid_fk_studentrecord`) REFERENCES `tbluseraccount` (`acctid`) ON DELETE CASCADE ON UPDATE CASCADE;

--
-- Constraints for table `tblteacherrecord`
--
ALTER TABLE `tblteacherrecord`
  ADD CONSTRAINT `acctid_fk_teacherrecord` FOREIGN KEY (`acctid_fk_teacherrecord`) REFERENCES `tbluseraccount` (`acctid`) ON DELETE CASCADE ON UPDATE CASCADE;

--
-- Constraints for table `tbluserprofile`
--
ALTER TABLE `tbluserprofile`
  ADD CONSTRAINT `acctid_fk` FOREIGN KEY (`acctid_fk_userprofile`) REFERENCES `tbluseraccount` (`acctid`) ON DELETE CASCADE ON UPDATE CASCADE;
COMMIT;

/*!40101 SET CHARACTER_SET_CLIENT=@OLD_CHARACTER_SET_CLIENT */;
/*!40101 SET CHARACTER_SET_RESULTS=@OLD_CHARACTER_SET_RESULTS */;
/*!40101 SET COLLATION_CONNECTION=@OLD_COLLATION_CONNECTION */;
